seller_id,seller_zip_code_prefix,seller_city,seller_state
3442f8959a84dea7ee197c632cb2df15,13023,campinas,SP
e49c26c3edfa46d227d5121a6b6e4d37,55325,brejao,PE
1b938a7ec6ac5061a66a3766e0e75f90,16304,penapolis,SP
ccc4bbb5f32a6ab2b7066a4130f114e3,80310,curitiba,PR
8cb7c5ddf41f4d506eba76e9a4702a25,75110,anapolis,GO
a7a9b880c49781da66651ccf4ba9ac38,13530,itirapina,SP
7b8e8ec35bad4b0ef7e3963650b0a87b,88705,tubarao,SC
166e8f1381e09651983c38b1f6f91c11,88780,imbituba,SC
e38db885400cd35c71dfd162f2c1dbcf,70740,brasilia,DF
4e6015589b781adaa5ce7f1892d06bb1,11440,guaruja,SP
4cf490a58259286ada5ba8525ba9e84a,14910,tabatinga,SP
2ff97219cb8622eaf3cd89b7d9c09824,13320,salto,SP
2078fe5066350e7d220c0ad3a3bbc6c1,86707,arapongas,PR
406822777a0b9eb5c50e442dd4cd3ec5,18500,tatui,SP
4dbd95a08b31ede5c82d3f861cb1ce1a,80210,curitiba,PR
d52cbce9845184537284a23c3bc3da0e,88495,garopaba,SC
9c690ceacd5c66731bf443ea810195cb,37650,camanducaia,MG
1f9ab4708f3056ede07124aad39a2554,17602,tupa,SP
1961c3e1272bfeceb05d0b78b5bbfdaf,7241,guarulhos,SP
d3674f271c91f824f82d24d92011f669,72233,brasilia,DF
768de2a4fc06aacecb9a586ccc30746a,70645,brasilia,DF
c0f783394e37cd9c9d7f5f81141450fa,13416,piracicaba,SP
8444e55c1f13cd5c179851e5ca5ebd00,37584,congonhal,MG
d71d863e5ef30d94e440c11be17dcd8f,6144,osasco,SP
0c7533c71df861ec58ad7ff999ed0e8d,13270,valinhos,SP
ef990a83bbea832f36ebe81376335aa8,89214,joinville,SC
41e0fa5761c886a630994a55c12087e7,11446,guaruja,SP
0747d5bb69f0586cc869d8af4c50f93e,28990,saquarema,RJ
c89cf7c468a48af70aada384e722f9e2,25730,petropolis,RJ
55f7a3319d80f7fdf078b8f03e6725fe,6056,osasco,SP
2d50d6282f8aa2257819a77bfaa0efe0,14940,ibitinga,SP
7e93a43ef30c4f03f38b393420bc753a,6429,barueri,SP
5206cc4bc2297c833e6061c49bf9c43f,6192,osasco,SP
a13aaf2d2886ab9fb30fb9a920160b8f,89207,joinville,SC
7299e27ed73d2ad986de7f7c77d919fa,38440,araguari,MG
8a9260f2b0340411d6d2a56bcf4f7378,32180,contagem,MG
b2479f944e1b90cf8a5de1bbfde284d6,14940,ibitinga,SP
3296662b1331dea51e744505065ae889,15805,catanduva,SP
4e7c18b98d84e05cbae3ff0ff03846c2,14882,jaboticabal,SP
b56906f7fd1696e043f1bcce164c487b,19830,echapora,SP
d650b663c3b5f6fb392b6326366efa9a,6713,cotia,SP
674207551483fec113276b67b0d871ff,18040,sorocaba,SP
1996942dc085d7773ba77a529b163cd0,14850,pradopolis,SP
63ffcb71394dd8ea3872ed9ffda17c74,24813,itaborai,RJ
cda598c48d7c614bc1cad7d8ff6f0010,15137,mirassol,SP
709e16e2b25c7474d980076c6bfc4806,16200,birigui,SP
422be4cc81a457fdb46f47edeb968ae5,14940,ibitinga,SP
8bb48dc19fccaa8613b6229bf7f452a2,19803,assis,SP
ad87df7699e83b8a91822a4a0b765c3a,13820,jaguariuna,SP
d6b664fa0667064c6d76394e7848d790,14801,araraquara,SP
98f52e1020fe788c10c0418de4393fec,27963,macae,RJ
62760d278921b5f352461620d68a9cee,13320,salto,SP
3f9be91358837bff69df67edfa3e42e8,86039,londrina,PR
87d73636a3acf123e842bb890a4db036,15190,nhandeara,SP
3d3ccf2b2f8134b10dce9dd446f0e075,14940,ibitinga,SP
44073f8b7e41514de3b7815dd0237f4f,71070,brasilia,DF
05ca864204d09595ae591b93ea9cf93d,6465,barueri,SP
f9eda05b67bef472deaddbba84aca289,88870,orleans,SC
75745ef7bc7d4f3ea3380f6f5303f514,70384,brasilia,DF
99002261c568a84cce14d43fcffb43ea,78095,cuiaba,MT
ea00f977a203ff88adf7057cb7806998,11085,santos,SP
34aefe746cd81b7f3b23253ea28bef39,81210,curitiba,PR
f0837c8d71434931d9e38e7b79234797,95995,arvorezinha,RS
d73cbd89533ce8b041a9190241453ac8,36525,guiricema,MG
70c0fda4c313d87115644d39e62eec60,55004,caruaru,PE
ffcfefa19b08742c5d315f2791395ee5,80045,curitiba,PR
26e13b6ff5b641b329e5524241ee2c93,14401,franca,SP
0ade5cc4a305ed7093a23f68ca47519c,81030,curitiba,PR
fc59392d66ef99377e50356ee4f3b4e1,40243,salvador,BA
b18dc380845b24038cfc48006478f099,9951,diadema,SP
f22a247b79dd22ecd91dc8e3b2a1b07c,8573,itaquaquecetuba,SP
ffc470761de7d0232558ba5e786e57b7,7091,guarulhos,SP
4c498c7345e89aebad651544829beca0,6341,carapicuiba,SP
01bcc9d254a0143f0ce9791b960b2a47,76400,uruacu,GO
f021c962aaba8ef6eb527a9c2c8394d1,88301,itajai,SC
02f5837340d7eb4f653d676c7256523a,80620,curitiba,PR
7b98de631987e26dd6d803490c43a13c,87900,loanda,PR
42b6488f5b8246d9141712abd4b1b693,87014,maringa,PR
95ec4458365c4d11f452ccf538377619,13481,limeira,SP
6ec1a01e866584bb679eb9b098345919,11040,santos,SP
f6122bc84774df1b372bdb3bb88ddb9f,6436,barueri,SP
623ad9d0c1e14bb5464a8c72bff7b4af,35530,claudio,MG
a63bfbaa882c8f4542891b4e2246cc7f,24355,niteroi,RJ
270d3ef21830ad0ecf3a6c53d08a533a,6380,carapicuiba,SP
89c127985a8b130cfa45c1d36764017a,6016,osasco,SP
1e9d5a33694bddb76316fd1f54734d20,78820,jaciara,MT
aaed1309374718fdd995ee4c58c9dfcd,89120,timbo,SC
d1c7fa84e48cfa21a0e595167c1c500e,99730,jacutinga,RS
c7246702dc991a06d788120dc7544391,60440,fortaleza,CE
e819bcfade7b5d88a27325eb6cfd62c5,7242,guarulhos,SP
6d2f2e3b539480db1e0842b3a4e32e6e,7051,guarulhos,SP
9e6229250fedbe05838fef417b74e7fb,16800,mirandopolis,SP
5abb8ea023c77787f2c15da891c8d384,89228,joinville,SC
817245bcc3badd82bbd222e0366951a6,17056,bauru,SP
caa9bc43a9fe8cf9c564ddd8a03cc4a6,12308,jacarei,SP
615005a3ef192c00c6f0e977cee3d2bc,13304,itu,SP
7178f9f4dd81dcef02f62acdf8151e01,89560,videira,SC
8132b9bd16876e1b0f8808d43825dd48,88058,florianopolis,SC
a6bd7d1ccdac48c6b33b28596b7eb122,58280,mamanguape,PB
8b181ee5518df84f18f4e1a43fe07923,87360,goioere,SP
10ff823eda2b032e2c93d17a7d294736,17280,pederneiras,SP
b4a476fbd28de64b1e347abf9089366a,6653,itapevi,SP
39c763cca83e654764b7a4a650fb9b7c,74563,goiania,GO
455befea1bb853c75ccbca94cff26e5c,27525,resende,RJ
c0aff2da32c17759d30b22fb0af6649d,88032,florianopolis,SC
a17f621c590ea0fab3d5d883e1630ec6,18055,sorocaba,SP
f92d8c817434bd2d84d4e9c61322b7fa,18048,sorocaba,SP
8ca5b19e0263150d2c57afdde2b3d011,9336,maua,SP
eec3469d83e142f9a104886655338c37,17030,bauru,SP
55bb6fe5bebe5012e2d7d9928e1128ff,17052,bauru,SP
d6b1ce66b035a475f00c017792ff9769,13327,salto,SP
3aa3c89ae3cd482385568be76120f63c,74343,goiania,GO
fe4cd9461203cee790d36792420b310f,35300,caratinga,MG
ececbfcff9804a2d6b40f589df8eef2b,14407,franca,SP
a254c682cc01e119f83530446f1df9a9,16500,cafelandia,SP
b92e3c8f9738272ff7c59e111e108d7c,36502,uba,MG
1dc2de47ee26a0a5b12dc14fd6dc0dea,14940,ibitinga,SP
6c6e3d67f969468f3bfd33f827a31222,87035,maringa,PR
781a66c0d89e30814d49fe8b5e14cd07,13064,campinas,SP
4917cee8d902e13428c3ec4b1ca6f315,89031,blumenau,SC
f9903dd0f812c7e771fcad47b6fff231,89070,blumenau,SC
5011f0d93373a4c5753adf58ca77af8d,11013,santos,SP
a4e634166243bbb3a13fa584463fa468,6286,osasco,SP
50bf89f1349bc0409a268c3a49678009,15155,jaci,SP
50c9975695009e5e6473912e83a6d1da,35530,claudio,MG
42d4b7e70819438f5ada61c965e92d7e,74045,goiania,GO
b14db04aa7881970e83ffa9426897925,18048,sorocaba,SP
31ae0774c17fabd06ff707cc5bde005f,13478,americana,SP
3d700782d7818f2c1e0d7a9e9d75fc00,86170,sertanopolis,SP
a3e9a2c700480d9bb01fba070ba80a0e,14940,ibitinga,SP
c3f5668699a1b04c0fa61ecea1e2bff6,86808,apucarana,PR
4fe2f67634d00c021aa01f96b6f2d68e,87035,maringa,PR
17adeba047385fb0c67d8e90b4296d21,7052,guarulhos,SP
7142540dd4c91e2237acb7e911c4eba2,16301,penapolis,SP
c04d70d515d15a7e3db3a73320598566,24020,niteroi,RJ
a3a38f4affed601eb87a97788c949667,89204,joinville,SC
744dac408745240a2c2528fb1b6028f3,83408,colombo,PR
8b9d6eec4a7eb7d0f9d579ce0b38324d,26562,mesquita,RJ
38e679b9e0064cd94c6f035707344dae,86010,londrina,PR
83deb69e889cf80f82be1dc6d5f2d486,88056,florianopolis,SC
79ebd9a61bac3eaf882805ed4ecfa12a,85802,cascavel,PR
26af45f5dfd967225a832838aa4e24a3,81070,curitiba,PR
e250d617a0ad591ba9bd663e584a895d,7084,guarulhos,SP
e53d5b9b29d1218281f4a907ada18626,85903,toledo,PR
3ca08eeb8d5595949fed424bd3677742,82510,curitiba,PR
15b3b1b81484422eb41df68ac87f1f50,17047,bauru,SP
e067ad2c1c0b48758eb1b5228bcf7a68,11045,santos,SP
f1fd5ab1181f827ffad998c1a5de7d74,80010,curitiba,PR
093805f8f2aeb63881444571e1f48f30,6236,osasco,SP
5acd070dd3fe441bbb2ec1f1ede515ee,13203,jundiai,SP
3c010235b7345c92f125d14ee232a76b,83800,mandirituba,PR
ce33c6211beaa8fef4cae8b52db39862,8655,suzano,SP
081acf3de680d554796c9cf041be7bc2,33200,vespasiano,MG
6989574bd97d9773f10d232b6c07da59,80040,curitiba,PR
8501d82f68d23148b6d78bb7c4a42037,89031,blumenau,SC
713e3a23ca5e47786eb6f0d99f94cfac,81050,curitiba,PR
32f83ffe11cd40f7adcf4eef171f52d9,97502,uruguaiana,RS
76d64c4aca3a7baf218bf93ef7fa768d,80215,curitiba,PR
d06d019f72a04e5497a0b64190af170c,6703,cotia,SP
ec80e49e69745ab6c14f984bf2149423,13480,limeira,SP
f8f35af4634605e6693c17cc3ffff5a8,37400,campanha,MG
004c9cd9d87a3c30c522c48c4fc07416,14940,ibitinga,SP
6b89abe95848c850399130d149a39b63,75640,piracanjuba,GO
c731d18cea9bf687ffee82a241c25b11,89701,concordia,SC
0daf5180aa44356f60f8effa533b55a2,74043,goiania,GO
fe8055980a4ff7f64ed889c2b5926929,81925,curitiba,PR
c42fd8e4d47dfb18ce5222f2dd7752f9,6246,osasco,SP
671585f5a2af58b6e276bc01003c0d2b,80510,curitiba,PR
2dd1fb6f0e42a2243b8a01e40cd41216,80240,curitiba,PR
a7c53f6b3b61adbdaa99dda97e8cbd56,14780,barretos,SP
a11a0e0ca67423425691db355cff69b0,13330,indaiatuba,SP
5bffbafbb22daf6d3bfc216a46db8708,26525,nilopolis,RJ
fc0b214b59a83615fea981c6424a02ae,9380,maua,SP
011b0eaba87386a2ae96a7d32bb531d1,17580,pompeia,SP
34a557286ead8fe75c989e0afcf7d98c,14406,franca,SP
217f005bb37ff3aeef5b2ae1788e75ba,6038,osasco,SP
cac4e0bc1a3269fa2b6ea5e763f6115b,88351,brusque,SC
8ec76bb0965af3f007692b26fa9d6623,88804,criciuma,SC
044668ccd5316b12a7cf0d54a156e3e9,6016,osasco,SP
643c01d7c56a724bec0454f4780e8a3e,89222,joinville,SC
312ba1d77e9c332ef21f9598b7f64cd7,7179,guarulhos,SP
1fdc574883ef3b33ad41562d93f3a74a,13480,limeira,SP
9a03a4e9eb0b947652fae4f6121a3f5e,15805,catanduva,SP
33cbda8716511e27e556dff9d8418bf2,89052,blumenau,SC
3df020b72d3d44b3af9d110fa3940b65,15704,jales,SP
89de2d6f23e9746ff309705b23581faa,86060,londrina,PR
c611f4ce9ce875bcc063fa97fd4d7d12,12944,atibaia,SP
3bfba5a77604f6dfae7e6dd7aaf65821,86046,londrina,PR
0f0c984a4a955310903b6b6008660bad,14403,franca,SP
f805b96fa705ba7995a221f1749dc141,87013,maringa,PR
6a53b90c3ad9e0b56d9fe5c69165fff5,82220,curitiba,PR
38f276ca6e7cc95a6d1bb55ac9e5550f,17520,marilia,SP
4221a7df464f1fe2955934e30ff3a5a1,48602,bahia,BA
fc4751cfe3b279c419615b9b00c1abb4,86047,londrina,PR
e1a210d482714ce337763a19aef94ba4,85807,cascavel,PR
085f6f7e049c996695fb2074fe38d45e,12020,taubate,SP
34675b28b826facfde119785bf287dc1,85802,cascavael,PR
64cc804291f90c81f02bfc2bb58ff55a,81250,curitiba,PR
5f57db27027655e6c6a391601daa0258,29138,viana,ES
e1b12447a7563944843191754aeb5562,7145,guarulhos,SP
d3f39f05462b79a4562d35893a28f159,13730,mococa,SP
b86a47b3366e3b5424a7b225781f4908,37900,passos,MG
0176f73cc1195f367f7b32db1e5b3aa8,14940,ibitinga,SP
c8771b1a10bb99bb34d3c459c5cffb53,36512,tocantins,SP
2d42ebcda99fd55f6f4bc2f1ca035d50,76400,uruacu,GO
e9bc59e7b60fc3063eb2290deda4cced,87083,maringa,PR
13d95f0f6f73943d4ceffad0fc2cd32c,74473,goiania,GO
b0b346d3a89f5eb4c2968af3f083cd43,13105,campinas,SP
e5545d4d4473876ea78c5bcebca365c3,17512,marilia,SP
fa1a9dec3a9940c072684a46728bf1fc,88820,icara,SC
c5ebe6598748b0aeaa61cfb820478b92,95910,lajeado,RS
6524b847b982cd56bb5d4b02b776ee42,13042,campinas,SP
972d0f9cf61b499a4812cf0bfa3ad3c4,88359,brusque,SC
8c91bfea4263b8fba54081460693e2a1,98920,horizontina,RS
75fdd0a732287f9497b179f6bd445d32,9350,maua,SP
cfb1a033743668a192316f3c6d1d2671,18110,votorantim,SP
adcf50477d6a1f5d91bb9d54c4903cb5,35530,claudio,MG
f326006815956455b2859abd58fe7e39,15601,fernandopolis,SP
bac692d6c0ed08467878018e6cc9c26c,89041,blumenau,SC
6a51fc556dab5f766ced6fbc860bc613,17500,marilia,SP
ea6b12bf9ffe2bac34602ec631d97a47,7093,guarulhos,SP
fa7ad8ae9bcb2c4493fdf38e96b1d74f,13920,pedreira,SP
d1ef48b38baca7e831711c4a0aeb398f,86800,apucarana,PR
67e43d802fde8cfd3f9580124f8167d1,7062,guarulhos,SP
f18112da765e0971ca5d510dec322bdd,88351,brusque,SC
259f7b5e6e482c230e5bfaa670b6bb8f,8550,poa,SP
f457c46070d02cadd8a68551231220dd,87047,maringa,PR
5962468f885ea01a1b6a97a218797b0a,82040,curitiba,PR
2b1a40c1daabc6ca280c4b815c101841,35500,divinopolis,MG
f356c348fbc8df6a882823e21f5ce8b7,92025,canoas,RS
2ba91c7ad80ff88b23b7db823b43c233,13310,itu,SP
3d0cd21d41671c46f82cd11176bf7277,89217,joinville,SC
d93919c944be9cff128f6c9cb899eacb,13375,mombuca,SP
c5f7e746b7e6d07def6c0dae9903279b,81350,curitiba,PR
2d20f1cd18725c91147da0791d498022,86040,londrina,PR
002100f778ceb8431b7a1020ff7ab48f,14405,franca,SP
36f98ad67cc981f50ce8aed093d5783c,85904,toledo,PR
6eb94e1466490d327a09abf8f3552a50,13219,jundiai,SP
8ff1a9df749e454105c55cda13e79143,17509,marilia,SP
c4fabeea6e569d42d02993bb1f4f1cbc,60741,fortaleza,CE
45c20d94d9171b0bcfab3c955e47d67b,13490,cordeiropolis,SP
5bc237df65098fe211bb4818f4d26d78,38410,uberlandia,MG
6a38087bc8ad4f89ff453561005f6dea,75123,anapolis,GO
4de6e4ba574aa9dfdc824bc44dc47fdd,83402,colombo,PR
6548c2550b6e2d8f18053216e1c7b6f3,9920,diadema,SP
f45122a9ab94eb4f3f8953578bc0c560,13419,piracicaba,SP
6481e96574816ead57975da2c0f6d80d,18072,sorocaba,SP
13e85aac53340018b40c2af68001b7e0,13920,pedreira,SP
b6dc74ed30f124f95227bed4e43a3bed,86702,arapongas,PR
8ed8ea9a57c862f2c18c2fe41f601d56,89030,blumenau,SC
ea846a0e7ad98a741783e886d89dfa44,16072,aracatuba,SP
2c54051840f19eca309a5423cf22df36,81830,curitiba,PR
ee27a8f15b1dded4d213a468ba4eb391,74210,goiania,GO
69b5eaa096c3f9d1e5c398c597f567d6,16200,birigui,SP
5b92bfa4120daa27c574daa2e386c693,18070,sorocaba,SP
fc38b5dceee1a730fad8853453437fbd,13073,campinas,SP
152ee17e4c8aaf53dac99f3462e4999b,89248,garuva,SC
04aa0a1c5ce6b222003403a3e11c3cc0,13150,cosmopolis,SP
1e47defeeadeca0e9a18fa5a9311e735,15800,catanduva,SP
ed8cb7b190ceb6067227478e48cf8dde,11015,santos,SP
1a8e2d9c38b84a9702ac7922924b0573,89245,araquari,SC
11305281b50fff20ae8bb473f8e11876,36500,uba,MG
9d681c7e12db302cb261e721040dde65,80330,curitiba,PR
c7bb64409aa480bb7d0335faaaf3d242,89218,joinville,SC
bb7ad8a45c027be8ab075b8e465f8ca0,88056,floranopolis,SC
8a207b6080964f3c1fc9d35bd6096ba4,15155,jaci,SP
fa1c13f2614d7b5c4749cbc52fecda94,13170,sumare,SP
3504c0cb71d7fa48d967e0e4c94d59d9,9350,maua,SP
164a5a8794e6d42e14f55e447b12a3bc,85980,guaira,PR
fbc14c0cf93505ef89f64665ffa4a7b5,14150,serrana,SP
e9874ae10b2d60d43917b6bbfa13a599,86604,rolandia,PR
34d1ca11b242c0fee2c834ae8d788566,36415,congonhas,MG
d4ffeb15b67e81ff9af2b4252d99fb7e,12943,atibaia,SP
a150c540f572d0fb53992264bc5c10b5,18035,sorocaba,SP
7c1fea10b5b006671d608b1d7c446ec4,18550,boituva,SP
b6e1504972665f739dec4facb9943775,13405,piracicaba,SP
99eaacc9e6046db1c82b163c5f84869f,14400,franca,SP
8603f0038fe0e52fedd3382d266723de,88495,garopaba,SC
ab75b89cc49c9ab3160d0c91565a442a,17604,tupa,SP
93b9a99027bd8bd6af682aff18dd19bf,7600,mairipora,SP
7ecef8194babfec876ca720714327841,13041,campinas,SP
87b4428a334b8f676fd9a7f3bf544fb5,16480,guaimbe,SP
30829ded4523ab9224b93bc49a62c95f,95360,parai,RS
d354c38a7182125a748cb10474fe963b,28495,aperibe,RJ
4be9ae93c4fc0f41713d71a4194ee1b3,35500,divinopolis,MG
9996ae921c50e8dff411ac69c0b4bb8b,17605,tupa,SP
c3cfdc648177fdbbbb35635a37472c53,80610,curitiba,PR
c8cc60ffd415254af5d9b9f34f32c369,18053,sorocaba,SP
1ce3ae5a399804d1a87e706f8a813c3e,88715,jaguaruna,SC
5f26c1408a65b42a7224cd463bdf3292,86707,arapongas,PR
ef30892870c278497523264be1be2241,14801,araraquara,SP
e9c2dc0dd4ac38448289be644ac94f42,89210,joinville,SC
fe87f472055fbcf1d7e691c00b1560dc,13085,campinas,SP
f46490624488d3ff7ce78613913a7711,7194,guarulhos,SP
ad420dd0c4f92f8af951ac24b86d0cf5,38230,fronteira,MG
054694fa03fe82cec4b7551487331d74,15840,itajobi,SP
dc50afafdfa325eadc890c7fa42a8f4e,87050,maringa,PR
a9415cf907dfa12f9ed18693244f5329,36320,prados,MG
b7d5b4b87af9d42b601865d3f3810bff,88020,florianopolis,SC
4125d9385a25e82d2f72d3a0fd55bc3f,11065,santos,SP
c8b0e2b0a7095e5d8219575d5e7e1181,8598,itaquaquecetuba,SP
38102b031c2a15e54623d711bfc753d3,62170,mucambo,CE
160e4f13fd3a64b1b86807be88b5ffb0,83409,colombo,PR
391fc6631aebcf3004804e51b40bcf1e,14940,ibitinga,SP
49383af7ab774e4e8f3000f49c83dc4b,12080,taubate,SP
8a2d12a90e92f012ce5226fc6592b653,81210,curitiba,PR
52956b80ae65fda598f06f6b9943e7a9,87050,maringa,PR
762ed976527cddf02787edba70fffa2a,86026,londrina,PR
e59aa562b9f8076dd550fcddf0e73491,82810,curitiba,PR
6b90f847357d8981edd79a1eb1bf0acb,7152,guarulhos,SP
48328ec9a579151d9cc6a86d4a59336c,92310,canoas,RS
73a63f72308aa20a46f4b1632018f196,82510,curitiba,PR
f62d7bb4a613ec758a03342d46b580b2,36570,vicosa,MG
252e76235acb79183cfca6e34f13337d,13090,campinas,SP
712efd3b68f9686dc856b84abd0f21ae,82130,curitiba,PR
b00af24704019bd2e1b335e70ad11f7c,40130,salvador,BA
0a198e95d32b1be2da9424c962a6ebfa,32260,contagem,MG
c092292535a57dacd95a8765f5518f87,26600,paracambi,RJ
20a8b0dc55da94fe74d112082427c84f,13312,itu,SP
1b4b28463457a256e9a784ebe2a8f630,13418,piracicaba,SP
db7ed69a53aa9fb1c01930ba54a88bbe,13820,jaguariuna,SP
7ade73f1b9b4e965f9009a4c3a7e2c15,17051,bauru,SP
aec99834ab5d38ead22766ada8497e87,83411,colombo,PR
b8578d2d823bd8e251f6fdd02b40902d,89069,blumenau,SC
0336182e1b3e92f029d5354832045fdf,14940,ibitinga,SP
c03121937e54a93fcc1825c3098bbb6e,82800,curitiba,PR
0b0ddbc7b9d9584f442c7ac92b0ff6c9,7052,guarulhos,SP
aa8af66c623d7d544dfe4bb85b5ebe3b,32672,betim,MG
556a6409838156ea299c9d1f9e2dde43,81200,curitiba,PR
934ed5cd1b9c1c7382d0a94a94b9e639,81070,curitiba,PR
be3b4b0f050a6aa1b2d901c4b77e979f,84430,imbituva,PR
6806dad1da97bfb5a9038eac6881f706,83280,guaratuba,PR
47efca563408aae19bb7206c2d969ea9,64033,teresina,PI
a435b009cd956ea60748b5cfbddf2e24,14406,franca,SP
9b76ad3d04236f76bc71c59470305e13,18550,boituva,SP
d7ab82074b5f1dfba46db123df101bff,12941,atibaia,SP
52f976b17ea7f2f087f56dcc419328f6,86820,california,PR
3586b8580d9c917874e053a1bb37b5ff,14802,araraquara,SP
6edacfd9f9074789dad6d62ba7950b9c,7135,guarulhos,SP
52831e5990d0771cb4951d6f12928167,17600,tupa,SP
4677a5437afda5fa7140b927b07be1cc,84920,japira,PR
4a1917ef994878940e1fb03eeb787ad7,70610,brasilia,DF
ccf8813e5a7d6c84d865cd38bfc2b130,12080,taubate,SP
e5a3438891c0bfdb9394643f95273d8e,13483,limeira,SP
f9f68daa2af419d38f745478bcb3da1a,13180,sumare,SP
5058e8c1e82653974541e83690655b4a,8583,itaquaquecetuba,SP
dfa0c4c6229ab200a4a1336b4d7128ff,88085,florianopolis,SC
76833248bbc0e65a0293ec62023e4396,16200,birigui,SP
48e5ee06fb2dc74df1c711a9b6dfac2a,35540,oliveira,MG
2cb6eb1b7185064167657fa09f541105,34710,sabara,MG
9da1ca0bef29ee170e541927a5aeabdc,15500,votuporanga,SP
3faf68a3b0af94b10bac70d86077be49,13825,holambra,SP
f650a9708fa1bab22bdd8d3a818cc415,88901,ararangua,SC
5cbbd5a299cab112b7bf23862255e43e,83324,pinhais,PR
ebd1417732defaf66c50b5a800eb293e,86047,londrina,PR
bc503e244f187939d10c92a5c8e378ce,16200,birigui,SP
70125af26c2d6d4ef401a1d02ae7701f,74435,goiania,GO
ba90964cff9b9e0e6f32b23b82465f7b,7140,guarulhos,SP
59417c56835dd8e2e72f91f809cd4092,13480,limeira,SP
4bde6149c15cf7e177b36fa060dd6de8,99500,carazinho,RS
fe1bbc5feda5c8979a8a1b3b2512d5a6,38680,arinos,MG
32b8764b4ef628b53608fc34011fcc13,88504,lages,SC
0432ead42b6c8a0bdf68154add917fdf,9320,maua,SP
f680f85bee2d253556ac91be391d2c82,6365,carapicuiba,SP
3785b653b1b82de85ab47dd139938091,85640,ampere,PR
d379f449f2a3b271bc01c0782020f705,35500,divinopolis,MG
f3041c2e75ec683697a6a5ea82192210,35680,itauna,MG
c54679b132454625907c773d273d4126,11443,guaruja,SP
a2fa0bdc798ee84cdb08281337cf4fb6,88063,florianopolis,SC
1a3df491d1c4f1589fc2b934ada68bf2,89224,joinville,SC
e81e1f9c3e762e620f3fb60a51499e16,89520,curitibanos,SC
3da38366e7bd9baf6369071f782ecdf0,60346,fortaleza,CE
718539d38d07dd351c76db862760e2e2,13088,campinas,SP
b76f4d90e85657a240495c876313adc5,13185,hortolandia,SP
0b90b6df587eb83608a64ea8b390cf07,87025,maringa,PR
4c60877808f4318ef1107fbeb8f89afa,12940,atibaia,SP
ae8bfdbf1c2a2a2dee92d799db0a31c6,85900,toledo,PR
1927cdb9fa74f5270097f6250e8e8f34,17511,marilia,SP
8a87611c08849ffeeccab52aa798b6c7,82940,curitiba,PR
679769a98cfcc6da877c8486ff1c13f3,35162,ipatinga,MG
20a7efa9721046319bdde5d60b6b5365,88790,laguna,SP
febab0275244b9a49a623f0bd613ca2f,13920,pedreira,SP
436bf27f2f18474fc6047702e9f8a866,13041,campinas,SP
d2f3e277560ed4c6361284429b00f037,12942,atibaia,SP
45213867cefbf2cd4c6177e10216a951,13603,araras,SP
ff4ea69c2a729e83e63c7579e4ef8170,7071,guarulhos,SP
916748bc99315c2d202898ae58b1617e,18040,sorocaba,SP
bc2ac6b95e1accce9858528ee566c17e,13085,campinas,SP
02c988090b766852e088c69d7fb3b551,13473,americana,SP
e5f9e61ceb5f523cc966e0f34095032f,88353,brusque,SC
ad97a199236354e53fcd91a5a913e9a2,88350,brusque,SC
94165aea8a35c3c21499cbcae239b16c,38412,uberlandia,MG
c8665a4dd081a2c436b1cd921079d0d9,14750,pitangueiras,SP
6c17baf138731a4aaacc3210adf2037b,14400,franca,SP
fde0cc9ea29c8ccfc0a2c22256a58c71,81650,curitiba,PR
e63e8bfa530fb16910dd6956e592bb81,7160,guarulhos,SP
c4f7fee5b0db50e87766f5a4d1b1b758,18085,sorocaba,SP
d7485b33791774c36108f8c69602d48d,81020,curitiba,PR
7c9130f5f3729edd32aa059141d92484,17400,garca,SP
640e21a7d01df7614a3b4923e990d40c,14940,ibitinga,SP
9d213f303afae4983637247556438ede,14940,ibitinga,SP
aadfe0417e61315688b6bd7043361e25,74340,goiania,GO
55c26bcb609f480eb7868594245febb5,14910,tabatinga,SP
7fdb0720c8d7c9075538b365dc8c3a22,85904,toledo,PR
933446e9a59dece7ae9175103820ca8f,81730,curitiba,PR
3f8247d0f772ffa58560e5c682521ad5,89211,joinville,SC
fcba71d4d5db057f43249145e4eb1e27,13481,limeira,SP
c747d5b92c7648417faea95d36d763e8,61800,pacatuba,CE
d598f929fc44e1e38678e7f47250ec04,73801,formosa,GO
edc518ba25576a0188a0e8f2c3af186f,7023,guarulhos,SP
6b536a23086fba0d58c08d68814397f6,24346,niteroi,RJ
6b243f80ed07b10f0e8aa0f21a205f3c,81825,curitiba,PR
e7f3bf1ecd8526eb7f3b18059e6716e5,11680,ubatuba,SP
458c6fa920810ce2492da71bc26d9eec,15813,catanduva,SP
7494d0dcba8551df6cf37f1b905dc2f7,11013,santos,SP
2a5b78b41cd05baeac8df54c6606b92c,35570,formiga,MG
08f5819815f3d06545011850bd70f0a8,11075,santos,SP
b94cc9f10ddc85e4ba73a6f7974e7101,27930,macae,RJ
dd88d13bea9e4c2bf47daf224f8141e5,95900,lajeado,RS
72c38a04bd6a1c3dbc5298425a0db86d,85804,cascavel,PR
e595809a6c31ec4314fd06ef198c244d,88370,navegantes,SC
83d7070a0b9a8b4625fa8682b819fabb,6717,cotia,SP
0af977692321d895349eded183341d28,11070,santos,SP
b33aaadd1a8891d2dfef0c4c3bdf0371,13481,limeira,SP
cc80e2f693fa6e2408f47ccf62413fc1,81050,curitiba,PR
dee656f0f566ed1aa85bd137c943f08f,12701,cruzeiro,SP
d673a59aac7a70d8b01e6902bf090a11,14940,ibitinga,SP
966cb4760537b1404caedd472cc610a5,9920,diadema,SP
6bcb2352a2a0c38b845f598298ab9d26,87050,maringa,PR
f3b80352b986ab4d1057a4b724be19d0,71200,brasilia,DF
b452cb0ae35044c4a53179c39f49fb06,18047,sorocaba,SP
ffeee66ac5d5a62fe688b9d26f83f534,15130,mirassol,SP
3bfad056cf05c00dabe2f895925d83b1,6033,osasco,SP
9aa388272ee334b6ae07bc73706e254a,36886,muriae,MG
0b64bcdb0784abc139af04077d49a20e,92420,canoas,RS
ed4311e67debd72b8610a5347a743087,7170,guarulhos,SP
14f2b3587172b9db894c9bad8dab520b,95240,ipe,RS
5b664594895aefb418afaee6d40a9a23,25750,petropolis,RJ
391bbd13b6452244774beff1824006ed,13082,campinas,SP
bcd2d7510d58e293f20fad6438c1b314,81540,curitiba,PR
5c603ffb38cbbf25a0e0698941324143,37004,varginha,MG
293dee954235e4e4e43f129313625ebe,72125,brasilia,DF
082e0bf4cb865a6533b1e8e498cc0255,18608,botucatu,SP
c286ec035ee04ba81c97508f0b5df544,81320,curitiba,PR
782f78b632a43875dd5b53e3e49c9564,13030,campinas,SP
fe19dce63ae80346207c6c55713d1023,38010,uberaba,MG
4e92348462c75b6c842b994ce84a0ed4,94930,cachoeirinha,RS
723cd880edaacdb998898b67c8f9da30,14940,ibitinga,SP
1fbe10c70e30765ed1de86d9f7e98409,9320,maua,SP
f5f1f2c5f923f36ad79ea1d07185ddc9,19820,taruma,SP
160851d3ece7aa1a510f8d1a4bb8a8af,17400,garca,SP
61c36f0fc4a47f9532e5512b66668e62,7043,guarulhos,SP
59b22a78efb79a4797979612b885db36,38414,uberlandia,MG
553a440137d6e0cf776aee0bb83ac9f5,13481,limeira,SP
f09e26011d833ddab11593c1a097a92a,13632,pirassununga,SP
3d4824f20035949c710eaf111f869d39,18015,sorocaba,SP
042573af89b6d931f672efaf789d8358,18015,sorocaba,SP
fe2032dab1a61af8794248c8196565c9,13030,campinas,SP
3092c0b297aacfb4bb6e056ebe13b9b8,7402,aruja,SP
8629a7efec1aab257e58cda559f03ba7,74223,goiania,GO
850857dfac77488c307e2b1cbd84ab5a,85802,cascavel,PR
2a7c6c0b0d5efde2bf75ec1e1cec2d41,87015,maringa,PR
4e17c65a516f69d023a2ae78b84f28d6,8673,suzano,SP
d558ebe531605a1285ab2b1bc3256dfb,35501,divinopolis,MG
c7a0a13cbcf29d5ce51c8f80afdc0b89,89170,laurentino,SC
33ac3e28642ab8bda860a2f693000e78,6717,cotia,SP
b55638ad525e906c698fa2ce742c1742,88780,imbituba,SC
ed859002ad59dbf8cf3602696a6c3000,86035,londrina,PR
12b9676b00f60f3b700e83af21824c0e,95780,montenegro,RS
9c57bc60cfad5ee62d35d3f1ce4593a1,81200,curitiba,PR
69a43819c758c65a5befb0b471c954d7,86802,apucarana,PR
08061dc0fc165ed41288cc7acde738ee,6036,osasco,SP
eb4a59a06b3948e851a7d7a830bcbc42,41820,salvador,BA
26bad72add1f86e08a776ce4ffdaf1ca,14470,pedregulho,SP
6ba4733aa33f6386e9fb0c0fd3993b38,95560,torres,RS
4b39558c138930b9e5489c93b6df5fe3,49055,aracaju,SE
4b9750c8ad28220fe6702d4ecb7c898f,13484,limeira,SP
278b6e0b20c4f61fefaa0577943d7a35,88316,itajai,SC
2059c39f76271d4ca3f15b5ffaccc8b8,81930,curitiba,PR
0cab2da43793a6f3c5ed8514c5f54627,80060,curitiba,PR
866558b3bccef2dbc6d29a2b5995016f,86706,arapongas,PR
9bcdfa7b615b3abb9461d9e3ad9886ae,89053,blumenau,SC
2dee2ce60de9709b1a24083217181a1f,78552,sinop,MT
f84fa566034f5e8e880a07ec624c56af,13330,indaiatuba,SP
4c1c7281388a33dd06daac44f9fadbd1,17510,marilia,SP
2063dd1b9f568df1c16741ea7d3e6adb,85065,guarapuava,PR
9cea4682e16655f7da87f406902e989e,83707,araucaria,PR
b1ac6ea7895bc3dd6f0f6f4abbdd2821,92030,canoas,RS
9f50216bfd01913736a55a11b55ea842,12020,taubate,SP
efff9341f3f8f5237b44ff67ed36a7bf,29090,vitoria,ES
5b07547f10dd980738a1a27f685af669,7013,guarulhos,SP
a99504ac23ed125aaf5302af6cc30af9,14300,batatais,SP
5e25c632f9db6cfb8bc100421c2737b6,89801,chapeco,SC
f4c4daa86e30c7e5a553a8d518ac03a5,85801,cascavel,PR
398cb257329ef7af7f1943a8974a3cbc,40285,salvador,BA
b0f2a6122a90a93eb03e68653dd960e3,80710,curitiba,PR
a888faf2d1baececa6baf9c3d603ee1f,87502,umuarama,PR
681fce914360217db47784ae28905a96,83709,araucaria,PR
2f9b7ce230a057a98a9f5df5893ee36c,6460,barueri,SP
609e1a9a6c2539919b8205cf7c4e6ff0,88359,brusque,SC
c79151301b9d90985d1fa52879213105,87083,maringa,PR
3e46a38ee171c503c3b4a3f23fe3bf0c,18040,sorocaba,SP
bdf0d02d36a1d839d0c39c4a887cdd49,16200,birigui,SP
001cca7ae9ae17fb1caed9dfb1094831,29156,cariacica,ES
7f35f9daf223da737b78738fbae4d977,13272,valinhos,SP
2eb70248d66e0e3ef83659f71b244378,13101,campinas,SP
6061155addc1e54b4cfb51c1c2a32ad8,13043,campinas,SP
270572bb714b00531be85e16e1550f26,9370,maua,SP
16bdc8cefd0e32a6f0824d296c5ad14a,12903,sp,SP
3985a3c45be355a4c57fde108bfabd1c,95690,rolante,RS
e882b2a25a10b9c057cc49695f222c19,25963,teresopolis,RJ
734def04b237117a09321dd6d8f3f2a2,13604,araras,SP
28c7d8743fbc8679f484868cc0fcaefb,18480,itaporanga,SP
9baf5cb77970f539089d09a38bcec5c3,13330,indaiatuba,SP
bc302730ea8cf49b5c74f579febb5bbf,13015,campinas,SP
56e361f411e38dcef17cdc2a3d99628b,7113,guarulhos,SP
048c2757535328e0d7dac690ad3c0aae,14406,franca,SP
951e8cef368f09bb3f3d03c00ca4702c,14940,ibitinga,SP
33d677f27a69b84051204ee4ae76eaca,89218,joinville,SC
b88e7c57cb2d8b973b7dd4a2bfa14b36,81350,curitiba,PR
9da15f4a4ea758d9eeb49000dbe57e22,6290,osasco,SP
749e7cdabbaf72f16677859e27874ba5,7122,guarulhos,SP
688756f717c462a206ad854c5027a64a,7094,guarulhos,SP
c88f62b4c386a59281014d677864d016,86707,arapongas,PR
79565f7d5603b24ddf07ade262547f2f,14804,araraquara,SP
6c9875b2f94ba781186f0c1aed8d1687,17380,brotas,SP
747c1cdcd1737dcfbd1547f6eb6f2cf3,14940,ibitinga,SP
2b402d5dc42554061f8ea98d1916f148,44900,irece,BA
9c068d10aca38e85c50202e17b4a7e88,79400,coxim,MS
7c67e1448b00f6e969d365cea6b010ab,8577,itaquaquecetuba,SP
9ef932e837d8b7f392c0bfee9d359dc2,14940,ibitinga,SP
66dc1b1632bd6a3e508510c5b3492107,17210,jau,SP
db1f0f7c7e5e87f40b62226f020bb297,83322,pinhais,PR
91f0eec23d4a61d7d7caeefa3f0ad1ca,88704,tubarao,SC
b335c59ab742f751a85db9c411a86739,38442,araguari,MG
01fdefa7697d26ad920e9e0346d4bd1b,86050,londrina,PR
43f8c9950d11ecd03a0304a49e010da6,6341,carapicuiba,SP
4450bd8327d471c4a11a83d1445b1b62,6714,cotia,SP
257e61d3251fb5efb9daadddbc2cf7ca,86804,apucarana,PR
e5def42655b7490edac5a56fe8e9e603,13900,amparo,SP
091065b789659bc3cd9af9cb3a6253ff,92120,canoas,RS
cfa5ab0e4d3fc212fd0b3410e7081c62,36500,uba,MG
19d62d484cba71963c93f0f00ab42013,89114,gaspar,SC
c60b801f2d52c7f7f91de00870882a75,7174,guarulhos,SP
eeb6de78f79159600292e314a77cbd18,88501,lages,SC
abe021b01ba992245271b9aa422032df,80420,curitiba,PR
5305693ffae2d3463377b1f6fe67b15a,16300,penapolis,SP
e51f22821f0c12a16ad5c020cdcd55e9,6341,carapicuiba,SP
4bf2f4ee540798a61f9636d12cd9cc80,19814,assis,SP
c0e0b73d039eb9a99b6ce4cb7a429cd3,89170,laurentino,SC
19484c79cef6c062cb177aa4ef2fcc3c,13275,valinhos,SP
2528744c5ef5d955adc318720a94d2e7,13202,jundiai,SP
b8d890108a7a80e4f5d59eea9f362438,81110,curitiba,PR
1d8dbc4f32378d715c717c1c1fc57bae,86706,arapongas,PR
a70e9066dbfd10b6b97a3f54a1356762,86975,mandaguari,PR
ce69a8021d18961dd2a40269b7c2c293,81070,curitiba,PR
9596c870880d900012f2e8e6e30d06d7,37074,varginha,MG
1da366cade6d8276e7d8beea7af5d4bf,36500,uba,MG
a3082f442524a1be452e3189e003b361,81560,curitiba,SP
a56a8043ebf66e42119618fb8cf232c6,89219,joinville,SC
184725737946a1a938bbbd1a9e978103,9370,maua,SP
3820c6537b3853be1a0687d5a60807ec,6717,cotia,SP
244b04680fdbded0acf5aebd9c92b44a,13211,jundiai,SP
b5e3e38609125694d2ea2417522a60b7,88020,florianopolis,SC
bacb1f0ed56ad24198f5810d2b3fe9a5,12328,jacarei,SP
ae45ad30c2d2e5913094769690a239d2,14405,franca,SP
2156f2671501a81034d7d07f217609d0,4776,sp,SP
128639473a139ac0f3e5f5ade55873a5,87050,maringa,PR
7a241947449cc45dbfda4f9d0798d9d0,37590,jacutinga,MG
cfd7ddab722b902f7ac5b5f3ba6d723d,32372,contagem,MG
7e1fb0a3ebfb01ffb3a7dae98bf3238d,14403,franca,SP
376a891762bbdecbc02b4b6adec3fdda,74323,goiania,GO
90b36c5aeb728d5504a39f435bef0c5f,13835,conchal,SP
1dfe5347016252a7884b694d4f10f5c4,14940,ibitinga,SP
f114dca2828bf718548db175ebe2cfcd,86192,cambe,PR
25c5c91f63607446a97b143d2d535d31,35680,itauna,MG
f205b1a3ca9a34e0f8a228bae6e4c7b3,94965,cachoeirinha,RS
d2374cbcbb3ca4ab1086534108cc3ab7,14940,ibitinga,SP
ef728fa1f17436c91ed1ccd03dcf9631,17201,jau,SP
6f835fd4be26989b1b064399da346143,81280,curitiba,PR
c9a06ece156bb057372c68718ec8909b,73020,brasilia,DF
6b2612338467c08c9b25f0cc55b1578d,86990,marialva,PR
05d2173d43ea568aa0540eba70d2ca76,37135,alfenas,MG
6824a69c9ea0313eba299dd4a2dba09a,35570,formiga,MG
48efc9d94a9834137efd9ea76b065a38,81130,curitiba,PR
5dc4bdaf869e8c77c648078cbe8d59c2,88035,florianopolis,SC
9261d76c62caaf0b24677c2ceb7f8f20,88138,palhoca,SC
37dd29b36c458d82f74a953c40c43645,13480,limeira,SP
077c5fae4bea9500e3737b16f71b9d3a,18052,sorocaba,SP
0dd184061fb0eaa7ca37932c68ab91c5,7031,guarulhos,SP
1d29dfba02015238dfbe2449a5eaa361,36576,vicosa,MG
ad273c9eb54ecb4532de4bf75bae9e4e,80420,curitiba,PR
7813ea3ebd9411dc600b4dd01f7a97b9,6018,osasco,SP
559d56f3b8f0bc2e5a9a62fe2ce2a39f,89220,joinville,SC
c3867b4666c7d76867627c2f7fb22e21,14580,guara,SP
0bae85eb84b9fb3bd773911e89288d54,88301,itajai,SP
35fb511489d9ee3ee27a76debce9df06,86061,londrina,PR
7e3dde9ffba72d5340f9aaf09b4424be,86185,cambe,PR
dbdd0ec73a4817971d962698f2fea022,60710,fortaleza,CE
f615fe7efbef0f4f08fd3086bc7a3e60,12940,atibaia,SP
b0398568231ba5e6734af1881671a317,29704,colatina,ES
8c0de775f52fe41590b376a3b7c50f68,13178,sumare,SP
7a91bf945c6fae0779f1c61ce97fe45c,26562,mesquita,RJ
1cbdc7cf130a41fd13a3c2a7d2fcfda7,37480,lambari,MG
17ca9b9e9b9ef8fdb529001b49ebb50f,32677,betim,MG
3f0e48d209018b466fcd3bb4ccfeb520,80215,curitiba,PR
acce39e832338debb07b02385cde5967,32110,contagem,MG
b2c97074649f92197d9387d9033dda5f,18604,botucatu,SP
be7a093e5b4d147b36b72bb1f9e415e5,85900,toledo,PR
cb4a705d00e100b9732d0ca34817d441,88032,florianopolis,SC
1e47d8b6546eb3a77b1acddcc9406242,13015,campinas,SP
432c37c9dfba871172ec162e20118b8c,70235,brasilia,DF
daf565f087a52def0fd5c5825b3661bc,88350,brusque,SC
ea3ebea5317b0efbc663ecc8ce5e9bc2,88036,florianopolis,SC
e9511df20ccd82658a30c37b7fb343af,17026,bauru,SP
4c8545742faaf58fafd5fd14d25d75cf,15603,fernandopolis,SP
27a56ff04b34c2ba34ce6ba4d3b9d616,13033,campinas,SP
d8c7ba53e7e38711eaef8c2849d6d2e1,87120,floresta,PR
6338ea67c41078a46ad99cc009654956,95170,farroupilha,RS
6c12e40690c335dbc2f68a4134d30dc1,84178,castro,PR
9a84ba99f5367fdbd4598363496f1ea2,72801,luziania,GO
fb503a924a0b9db19d83dd0ac6dbef8c,96020,pelotas,RS
5b581417df4480f632484ba681e53944,88050,florianopolis,SC
2d22fc3089eb907b29ebff50581fb472,27972,macae,RJ
817f85dbb65aa3e70831d90fe75cdf89,18530,tiete,SP
86bf77bdb52e615674772d5817c6212f,94410,viamao,RS
9b00cad94ef3078faf6fba2e792c158f,39442,janauba,MG
6860153b69cc696d5dcfe1cdaaafcf62,13360,capivari,SP
e99e927c81e3f51739c94fcdfca9f10f,38400,uberlandia,MG
e48cc16ab70bfa09e1401740dce0b3d7,16022,aracatuba,SP
da20530872245d6cd9d2f5725613c430,95650,igrejinha,RS
729f06993dac8e860d4f02d7088ca48a,13481,limeira,SP
9e9b539eb2806acee3f5c28085c1db9f,32315,contagem,MG
41c9d3997dd3c072c31139dc5bb5761f,38182,araxa,MG
700f03c207639c22d933381ff60b35c2,14784,barretos,SP
762fafdaa57a532ee0119731697579dd,13311,itu,SP
b3b17aab11f273023a5f22ca52e1eb70,86065,londrina,PR
b19f3ca2ea475913750f25a5c37c8d8f,35501,divinopolis,MG
6179a28a13a726c29b3bf54c070dccab,37048,varginha,MG
0df3984f9dfb3d49ac6366acbd3bbb85,32604,betim,MG
7008613ea464bad5cb9b83456e1e6a8f,89460,canoinhas,SC
7f152321c60a266edc53af1925ef96c1,88801,criciuma,SC
c4fb51fb1c5b7c07bc5e67be6e7e8f6e,80060,curitiba,PR
52ac6f920b7280e4c6d30dd94de6259b,83321,pinhais,PR
7d7d2b7a51328016102d4528c411d630,14940,ibitinga,SP
994f04b3718c2bab35c2adfa8afecd2a,13912,jaguariuna,SP
5db42a6cd9bf1bf0d3aab9582767f168,29010,vitoria,ES
a06c8ff043abea0528ee44171e2140a2,35501,divinopolis,MG
977f9f63dd360c2a32ece2f93ad6d306,14910,tabatinga,SP
5b0cc932433fa5184b5b94bfe6bcc256,14940,ibitinga,SP
7ff588a03c2aeae4fbd23f9ae64b760d,7183,guarulhos,SP
08cdbae123ff67ca4e36d9d641ce0119,36504,uba,MG
77dcbb67ccb3659bd58eaf5661560a30,95900,lajeado,RS
7ad32824caee82087b3e2e5f33b1bf32,14940,ibitinga,SP
de722cd6dad950a92b7d4f82673f8833,51250,recife,PE
22c32ec35d0116ef02c281798a25bf8b,87043,maringa,PR
8d46553a36e68f95350a200c12f8f2e2,13056,campinas,SP
dc317f341ab0e22f39acbd9dbf9b4a1f,94910,cachoeirinha,RS
d93844a9c55ba7ce353388bcf849ea56,82320,curitiba,PR
52b53f7061969fe471d119b6195da864,88301,itajai,SP
9bf11dfc0bec77e5a23028043c3c5a8f,32140,contagem,MG
13f57c12a00ed4610db646b913a7f5c6,11015,santos,SP
54c04bdb5ec46762f8f08c7e8f86ed4a,88037,florianopolis,SC
447d377bdb757058acb569025ee18a93,99500,carazinho,RS
52562a9f449c3dc3d53f5f5b9ed74903,59152,parnamirim,RN
7c462184585ae80bd6e5774c62ce50f2,13086,campinas,SP
3ea00e1dea2b0659dbaf654735929220,80020,curitiba,PR
4965a7002cca77301c82d3f91b82e1a9,18074,sorocaba,SP
2d8cfba3fcd3170555941605edaa196a,6080,osasco,SP
6039e27294dc75811c0d8a39069f52c0,6162,osasco,SP
3492e68f37fd1df87f4f2f2ea247f445,13322,salto,SP
916c9de0b5ad957346eeeb12f332687e,80240,curitiba,PR
c68fb906c8f4b4b946d8386bfa6e5467,14870,jaboticabal,SP
53d00c40e32aeb924a84ce72b1af869d,14940,ibitinga,SP
10076e5788b8ee532724bcd460baf762,14315,batatais,SP
804287717b9156fb7a787acd9af4fac1,87030,maringa,PR
4dc646b9b9e8e411ef48ba000ea3ac6f,13272,valinhos,SP
01c97ebb5cdac52891c0ed1c37ba0012,15804,catanduva,SP
f0b47fbbc6dee9aafe415a6e33051b3f,9360,maua,SP
bd149ed516d4c5d418d5781f8e18919f,7241,guarulhos,SP
3dbbce181edfaa4a597ec858c382d2ec,82515,curitiba,PR
06532f10282704ef4c69168b914b77be,87140,paincandu,PR
1127b7f2594683f2510f1c2c834a486b,13087,campinas,SP
cd52a8efd71af3336b14b5039b951cc1,88136,palhoca,SP
c31eff8334d6b3047ed34bebd4d62c36,13322,salto,SP
a45314082d50d578a4721c9787ce09ab,15130,mirassol,SP
59bbc819b99a733f02f0d6b49d1c253d,13043,campinas,SP
b3f19518fcec265b2e97af287725f981,15170,tanabi,SP
b410bdd36d5db7a65dcd42b7ead933b8,74645,goiania,GO
31344c16881c08a8a72c6d2eb29918c1,36500,uba,MG
4e42581f08e8cfc7c090f930bac4552a,13660,portoferreira,SP
0aea4c6ae1505b3228ddf3dd7822ee5b,18080,sorocaba,SP
fcb5ace8bcc92f75707dc0f01a27d269,7032,guarulhos,SP
6a0cbc8af2e8abd1bdfb777943d174c6,14312,batatais,SP
70126eecc6aa1274392a1743866e9678,6449,barueri,SP
7681ef142fd2c19048da7430856b5588,7074,guarulhos,SP
3771c85bac139d2344864ede5d9341e3,18087,sorocaba,SP
02b72cdeb9cfcc429f1af6f4e3f3b737,14940,ibitinga,SP
3481aa57cd91f9f9d3fa1fa12d9a3bf7,13360,capivari,SP
a218df5c097b0ca409cfaac1488cc7f6,14806,araraquara,SP
bd0389da23d89b726abf911cccc54596,71691,brasilia,DF
af3ef48d0e13835e529c29ac573c63e5,14802,araraquara,SP
855668e0971d4dfd7bef1b6a4133b41b,13257,itatiba,SP
77e4abfd739aed9c46480f90f81c0eb4,70767,brasilia,DF
1c68394e931a64f90ea236c5ea590300,87114,sarandi,PR
f63d8f293af3a6454377546bd9dd19ff,18110,votorantim,SP
6bb0724edf0b62fb91ac404873a97241,6700,cotia,SP
f593898ec748b7a8cb81fc04edafd98a,13920,pedreira,SP
96f7c797de9ca20efbe14545bed63eec,14140,cravinhos,SP
77530e9772f57a62c906e1c21538ab82,80310,curitiba,PR
297d5eccd19fa9a83b2630071ff105e4,80710,curitiba,PR
191d55f7edb8524d525ed01b20fe32e8,73020,brasilia,DF
5733d806668f8712c24b9abaefbfa642,89803,chapeco,SP
65b081a070633e057c462abdd6fb9dd8,75650,morrinhos,GO
6a8b085f816a1f75f92dbac6eb545f8f,14709,bebedouro,SP
f3295428338a40977a03f555246a70f4,29032,vitoria,ES
75fbb52eda0cbc24f479d3b2fbfa8d3e,74560,goiania,GO
e5d4b2b0c3bca22085f7a19a28de0c42,89201,joinville,SC
6187a137b2af59dfdbad8d9f8c373c14,6268,osasco,SP
062ce95fa2ad4dfaedfc79260130565f,95913,lajeado,RS
dd533b429f380718b70ad9922c294bae,14781,barretos,SP
582d4f8675b945722eda7c0cb61ba4c7,11250,bertioga,SP
94144541854e298c2d976cb893b81343,94451,viamao,RS
21c62b998a043ebe31161d38f84929fc,60110,fortaleza,CE
02d35243ea2e497335cd0f076b45675d,59077,natal,RN
a1040efe9ff4a6f93c28b0499eada8f5,13210,jundiai,SP
2d9e8987a2ea5cf88dce330249043ff1,15155,jaci,SP
e433f5fd4050e3352b5d83522b7fe24b,86702,arapongas,PR
26d6bbee02420494d471c9f6436929c0,81530,curitiba,PR
602044f2c16190c2c6e45eb35c2e21cb,14940,ibitinga,SP
b347677812ea483b0f528eaf8cbc09b7,82540,curitiba,PR
d94ba08b99bedd6a5f6c875ecc4a6fac,86800,apucarana,PR
b499c00f28f4b7069ff6550af8c1348a,13481,limeira,SP
7a2d2949aea47fab95fd98d6c9f618b1,81350,curitiba,PR
1771297ac436903d1dd6b0e9279aa505,7025,guarulhos,SP
df560393f3a51e74553ab94004ba5c87,87900,loanda,PR
834f3294fba9f932f56edc879193f925,14808,araraquara,SP
6c177e38df6d3f34182b1f1d427231bf,80430,curitiba,PR
08d0949a9a17c027262db1f3c450c26c,85804,cascavel,PR
04843805947f0fc584fc1969b6e50fe7,93900,ivoti,RS
381c83fdca332ea6afd896da20bf6e4a,80010,curitiba,PR
6bef34c5be6f2bbd70aa5165f6df94b1,89120,timbo,SC
f7720c4fa8e3aba4546301ab80ea1f1b,81350,curitiba,PR
5bba18b40e8c973b0f32e748004775b0,15840,itajobi,SP
7b7f91e98f8c6def45a1407923304402,6154,osasco,SP
d2df77822373f19934e87694d8640767,86706,arapongas,PR
ac6417315ae5da8f9a38ee11de6f7780,7400,aruja,SP
02f623a8eb246f3c5f7c2f96462654e6,18611,botucatu,SP
56db5c0782e8f7ddc9343f9576ff6d16,88132,palhoca,SC
4e06067cc08b3f41d837768d392c3ee3,32604,betim,MG
49e7217cfe4e427191c378ec626d8737,35570,formiga,MG
3a734b715d333a2588a3d54a0c9b8746,6132,osasco,SP
5d0363b33554b373851fc1622e4d5f3c,12952,atibaia,SP
6e85dc5ecd97a61094b89b046a509d8e,15845,marapoama,SP
417a1e6c7321084d2a0ae0d023cfad93,95885,imigrante,RS
013900e863eace745d3ec7614cab5b1a,80740,curitiba,PR
c157bdeedcbc9a8e3c8bf0d87ff24428,18120,mairinque,SP
e439f7176d763f92de325271111b2fd5,89219,joinville,SC
cac63f48c38cd7d002a7e846dcd99a23,13170,sumare,SP
04ee0ec01589969663ba5967c0e0bdc0,95910,lajeado,RS
f00e21b1e91a79653163b7fd8f293ff1,37795,andradas,SP
9140ef75cc8211c4035935e80e567204,87015,maringa,PR
cc5a78bbad32776dc4e3af205218368c,35501,divinopolis,MG
4e922959ae960d389249c378d1c939f5,12327,jacarei,SP
47648caee88ccfe951fbb27fbf7b4cbe,9931,diadema,SP
7957cac1a02f45d0a4a7e45626382ec2,80320,curitiba,PR
4cc4fd4fdd406a85bbdc1f824b731bd7,85906,toledo,PR
9cf787a239c1aa29dbd76f153dc13f9a,14403,franca,SP
2a50b7ee5aebecc6fd0ff9784a4747d6,72580,brasilia,DF
2c3d56f92f360fb89d849b84e8f50eae,6420,barueri,SP
78744a20ee2f80ba64f6804c25def2b8,50751,recife,PE
c990d6cf976a5718aaedc539f383ab88,13145,paulinia,SP
94e93ce877be27a515118dbfd2c2be41,15502,votuporanga,SP
b566ab0ef88016e00422755e305103c6,37640,extrema,MG
d9cb0052a666de5308b32f32ad5f1b1c,15400,olimpia,SP
a89e143d5211473ae18db9577ee34b64,13486,limeira,SP
8581055ce74af1daba164fdbd55a40de,7112,guarulhos,SP
9c7fd21e0aa159b20da593371f08ff7c,6180,osasco,SP
c33847515fa6305ce6feb1e818569f13,88359,brusque,SC
8b8cfc8305aa441e4239358c9f6f2485,86020,londrina,PR
d4e4b5192cba4e0e66eb12a9d347239d,85904,toledo,PR
ade45994b717ccee333492330fbf037b,87505,umuarama,PR
b05b432bf68945d4d9783f9e3ca29ee8,16200,birigui,SP
578fa3a9cb6b6dceab39231ad59cdaca,60025,fortaleza,CE
a3f0b55de503387383c7b1de3ad7f678,82400,curitiba,PR
6d7f8d9d594e28796b6b3205b00f459c,80050,curitiba,PR
7b7ed56ae755e2880f2b69632e839c1e,74230,goiania,GO
2be17df1c49978426251562096c3cc09,88704,tubarao,SC
f7c31656c19db6275a8acadca289f426,14940,ibitinga,SP
c6381d2d013342748761e906d45aff76,93180,portao,RS
c500367424994318b9e779ff1ae9a330,13145,paulinia,SP
19e0f40a907ec568c34bfac15de4f4a1,13478,americana,SP
ecccfa2bb93b34a3bf033cc5d1dcdc69,81810,curitiba,PR
c66dccfb3f109511246da627dd5a2498,11900,registro,SP
d921b68bf747894be13a97ae52b0f386,35570,formiga,MG
929f342384a6607afe143d789ade1316,86065,londrina,PR
e256a62e0ac58c0edfba09966142d561,81320,curitiba,PR
8dfbc5ff27df12f6cef751d3b9554222,80220,curitiba,PR
e732329483fd5f27367dd997b47f598a,89030,blumenau,SC
989becdce12ebc39863c2bceab6f3ca1,81730,curitiba,PR
2528513dd95219a6013d4d05176e391a,6060,osasco,SP
64c9a1db4e73e19aaafd3286dc448c96,82510,curitiba,PR
44ed138eca6214d572ce1d813fb0049b,92010,canoas,RS
77a515caa36327151d1cc6c32a9f00e1,9912,diadema,SP
4b0fdb526525f9890eb145bf1534640e,14940,ibitinga,SP
7fc87cc3e89b3d1d5cabdca32f8485aa,7123,guarulhos,SP
52bb00821bcdd358a5a5a27e1f6be5a1,6268,osasco,SP
ffdd9f82b9a447f6f8d4b91554cc7dd3,80030,curitiba,PR
f3511c85f59f8dec53d140501ee8e7a8,80045,curitiba,PR
b5f49fe968dff6b112861e6cd8e192ef,80710,curitiba,PR
b26741d31a563d769b4af0465ab20c56,88061,florianopolis,SC
f7315bb81aea4ddca2d39e249a801c98,7082,guarulhos,SP
8e2b3afb420011ef0c88c9d5f11ea526,13060,campinas,SP
cc3d14116804f7209f3884f6367f1152,82940,curitiba,PR
5dc203c7b84a0e71e878a179de05fb9a,17580,pompeia,SP
440dd6ab244315c632130ecfb63827b1,15502,votuporanga,SP
90b57083da5d803237da74daec6dcb2b,80730,curitiba,PR
45d33f715e24d15a6ccf5c17b3a23e3c,18015,sorocaba,SP
c33a5c3c983090c8b78a28e65052a20d,88802,criciuma,SC
003554e2dce176b5555353e4f3555ac8,74565,goiania,GO
16090f2ca825584b5a147ab24aa30c86,12940,atibaia,SP
5659d77e8d90378e39b960ad5956f64e,12062,taubate,SP
8c9348f33ae3dada25c99c99ade2af78,6340,carapicuiba,SP
461ff5303b6c9c1a4a07f40c5aece516,83323,pinhais,PR
e82de6494d91d3c4c54450f59b227a94,14940,ibitinga,SP
213b25e6f54661939f11710a6fddb871,13321,salto,SP
78c99c6dff4eeae5be99bf635ed21e3f,17510,marilia,SP
a36ac007a4d18f865c8d32c3b2402c2d,6455,barueri,SP
a2e85714b56b1cb6bb24a9a6e6cad36f,14530,miguelopolis,SP
6b333a05bf188ef3e1f1662a86bd9855,72304,brasilia,DF
1d0997ff06b524ce9289ffd75114ecd3,52020,recife,PE
73b8eb4a9a729d4019b24ed1be748cbf,13070,campinas,SP
a69aa24cec11168e7e39a3fbc727e925,6330,carapicuiba,SP
8ea394aed8138685abe1eb9f25e1021d,18053,sorocaba,SP
f682e0f848abafc6f41e0d4e868c66ef,7600,mairipora,SP
11742f81550ac064cc9a40f67151d9ad,15810,catanduva,SP
8a40ae794fa3f9892cee24bd5af0488b,82620,curitiba,PR
4dc2e811a1760953cb7c6a590b498943,17230,itapui,SP
343e716476e3748b069f980efbaa294e,13033,campinas,SP
e9729944ba65dc3ce425e0c5a22ae7b2,25730,petropolis,RJ
e0eabded302882513ced4ea3eb0c7059,13023,campinas,SP
0aa124728afc1131dff5655f4c6f487b,37135,alfenas,MG
da4d149c0ddbac90557103ac0a0ec356,9861,sbc,SP
0241d4d5d36f10f80c644447315af0bd,80330,curitiba,PR
d1aa1ec0839dcab73a6161130eb1f94a,80220,curitiba,PR
d7827b2af99326a03b0ed9c7a24db0d3,86076,londrina,SP
119d1aef1b4144adba89163f6cd9f5d4,13920,pedreira,SP
9a1aea68d3efa00862ec88c0768037d0,15806,catanduva,SP
8cc6a0e5738e61a87b03c78b2ba9db4b,37795,andradas,MG
c53bcd3be457a342a97e39e5a9f0be22,49980,neopolis,SE
f4db9b37944bcb8873e6b456ee190bbf,8599,itaquaquecetuba,SP
3903c788ded8dc03b5ebab37a2f3e9a1,6332,carapicuiba,SP
63191ead8d3b2f937cd1996fdcbbad20,13212,jundiai,SP
67bf6941ba2f1fa1d02c375766bc3e53,82400,curitiba,PR
3ea08c48e851106d2f584349daba335f,36201,barbacena,MG
b81e3a6c866a764974fe849821abeebd,9360,maua,SP
40536e7ca18e1bce252828e5876466cc,7747,caieiras,SP
2c4c47cb51acd5ea5db5e0ae0e26542a,15290,buritama,SP
b416191c9813d821a295cfabafff4161,14407,franca,SP
9616352088dcf83a7c06637f4ebf1c80,87504,umuarama,PR
557f22c76691849db52d2abccf0015d0,75650,morrinhos,GO
968ee78631915a63fef426d6733d7422,99700,erechim,RS
533d46c1b06970e99f09523a61df4972,18200,itapetininga,SP
51702dc2a3e106c76dbff722b5bf0726,13835,conchal,SP
f3975e8a41157005d4bcbb358678cd9b,89870,pinhalzinho,SC
76d336555bb25f3165d2f0d6da719c40,18015,sorocaba,SP
afa6714acee029b2dfdf357e5579cc03,13690,descalvado,SP
520b493b57809f446cb0a233bb3e25c7,11075,santos,SP
9b1ab052f5fca308ba743ac789ebb2e1,85200,pitanga,PR
0ef83d7d83ed97cd2a0049ac8be5f88a,80230,curitiba,PR
37303482a42fb700d8d127e70a9cd6c8,13070,campinas,SP
88cd3681e0a2ba85e190f7d817629c4c,88354,brusque,SC
da8622b14eb17ae2831f4ac5b9dab84a,13405,piracicaba,SP
5151aea44289d6c6b090ee31c2132508,17515,marilia,SP
4b90495391ac0bd181a80a459df1e718,96400,bage,RS
710e3548e02bc1d2831dfc4f1b5b14d4,86600,rolandia,PR
485452467ff670447e84a8370c3fc898,89190,taio,SC
9d4db00d65d7760644ac0c14edb5fd86,18025,sorocaba,SP
1dcfa3835714681d4ba4a93bc1e0fd41,16200,birigui,SP
1de62b6f2fd96227629786db492433db,16021,sp,SP
1336efc61c316ddf92c899eb817f7cae,19800,assis,SP
620c87c171fb2a6dd6e8bb4dec959fc6,25645,petropolis,RJ
b64d51f0435e884e8de603b1655155ae,7077,garulhos,SP
1cbcd2ee0afb3fc09963b87eb65e7e4f,82640,curitiba,PR
344223b2a90784f64136a8a5da012e7f,89117,gaspar,SC
4c8b8048e33af2bf94f2eb547746a916,14940,ibitinga,SP
88460e8ebdecbfecb5f9601833981930,87030,maringa,PR
296729ffb9b684050dd24836dac4494a,80240,curitiba,SP
5f06030071324cc52bf0304014ac7234,17514,marilia,SP
d36b07fd3c5088e477a72d1fccfe29d4,18200,itapetininga,SP
46ef1a25845fc051c2998d878354810c,35530,claudio,MG
a61cc04793308395a840807104365121,13240,jarinu,SP
cac4c8e7b1ca6252d8f20b2fc1a2e4af,13347,indaiatuba,SP
a53f60f05f822b5c621a50ff6a5cb362,38402,uberlandia,MG
aa762680c40618316a896838866140ea,82510,curitiba,PR
7aa538dd6e114e503a2e6154ea352253,15807,catanduva,SP
e0a3c37054ade6478d923a6efc10f308,88340,camboriu,SC
8fbe2ee446b97e128471be4ce983dc0d,18103,sorocaba,SP
e0b162a693bc7f9eab00f783a31d60ea,96020,pelotas,RS
1f867308a0ce13133a4e639ff4de0c02,82510,curitiba,PR
9315e491484b1b0081ca166fc164108d,86039,londrina,PR
adbc26658d6c7b4b6219f9d934598091,81770,curitiba,PR
1976a05ecf2996d6ffb7b5430e635fe7,19806,assis,SP
c510bc1718f0f2961eaa42a23330681a,13330,indaiatuba,SP
edd066cd02126d7800f9b66e980e9931,70070,brasilia,DF
cf281cf8b7affbdfe751b29cc85580e1,61760,eusebio,CE
392353362d22cc2c236e1ee81ff19890,89069,blumenau,SC
c878515173c84a492ebe50d6b493230b,85880,itaipulandia,PR
77714512e8d4dda9c234da8e3faf16e4,7056,guarulhos,SP
3d01d1c414c44b5943a09619ff3853cb,13040,campinas,SP
00fc707aaaad2d31347cf883cd2dfe10,87025,maringa,PR
52f6f9f13ba19504c02781132a049e75,80540,curitiba,PR
58e4b302b54937e55a678c4d15111da4,83402,colombo,PR
d1c281d3ae149232351cd8c8cc885f0d,14940,ibitinga,SP
33c51922b6e3c16b24a8f28e5833c99d,86010,londrina,PR
562fc2f2c2863ab7e79a9e4388a58a14,13070,campinas,SP
651530bf5c607240ccdd89a30c9c9712,44600,ipira,BA
df0f42bc4c2142eacf0eaf2cffd0cfbb,88306,itajai,SC
40db9e9aa57f7bb151bcda6b0f9bdbb7,52010,recife,PE
68ca56ce86830f3d31b1b7ec6a54da3e,83280,guaratuba,PR
c52c644cc0dc85121207a27013efc6af,36325,tiradentes,MG
5a8e7d5003a1f221f9e1d6e411de7c23,13076,campinas,SP
6d1b9c9579132c87d2703ec38c30f2c5,82515,curitiba,PR
5d3bb11474a06bdc23fb9e89f1164ee0,19804,assis,SP
e59e489e2ea74bd409b798b5daf49de3,87060,maringa,PR
7d948535954aaf8c5d39db007f74372e,11442,guaruja,SP
3bb548e3cb7f70f28e3f11ee9dce0e59,87040,maringa,PR
522620dcb18a6b31cd7bdf73665113a9,85801,cascavel,PR
d32e3909cfb714fb2a6cb092c85b9c5f,13215,jundiai,SP
ce7d1888639e6fb06b2749cbfdac1ff7,37443,baependi,MG
2cb4700db635baa1c0d4f90ed27b6669,81070,curitiba,PR
a4b6b9b992b46e9ef863637af96e04bc,88090,florianopolis,SC
ff1e15b778c700abdd4d239b81ac466d,81260,curitiba,PR
973f21788dfab357250f69a8dcb7ddee,35530,claudio,MG
b9ec22de23f18567de0e09d776ca0309,72318,brasilia,DF
79ee721b6f766066a80264402548d359,17011,bauru,SP
141440cad9341e553f8401c574a2aa38,85200,pitanga,PR
695051e2981c8b19e77cafe450d5bdf3,6276,osasco,SP
ae7ab174effdead6c241e547e4ca13f0,86703,arapongas,PR
9d7a1d34a5052409006425275ba1c2b4,14403,franca,SP
dc4a0fc896dc34b0d5bfec8438291c80,14940,ibitinga,SP
3968920b9aa752ab98f7d5888c9252f2,17056,bauru,SP
e26901d5ab434ce92fd9b5c256820a4e,9350,maua,SP
9d5604a1f112324ad6b2aa552122e0fb,88075,florianopolis,SP
a6fe7de3d16f6149ffe280349a8535a0,14401,franca,SP
aac29b1b99776be73c3049939652091d,38408,uberlandia,MG
bba8d0c234a52b87b3957037a215d1a4,74343,goiania,GO
c826c40d7b19f62a09e2d7c5e7295ee2,7133,guarulhos,SP
a425f92c199eb576938df686728acd20,81050,curitiba,PR
113e3a788b935f48aad63e1c41dac1bd,12570,aparecida,SP
94c49f20a123aeb9360dbf80ff912bf6,18015,sorocaba,SP
1ca4bdb0cd7fc48e949bac066188ed26,36773,cataguases,MG
71dc18fd8cbf5fd77f45dd8b427abb34,82520,curitiba,PR
b43d8b707f887a30f4675391098354a0,44600,ipira,SP
f235413f677777a0738ff215d0184901,17250,bariri,SP
a4b8d97cd5d3674eeff96abc99d8ed67,13177,sumare,SP
ffad1e7127fb622cb64a900751590acd,13465,americana,SP
594f9aaa48e5bf431f011ddc5669b0d5,32185,contagem,MG
f7ccf836d21b2fb1de37564105216cc1,14940,ibitinga,SP
9140bd1d9de28b197dce077bdd687438,13900,amparo,SP
a56e351445e5863fc8960640ba9190c7,88306,itajai,SC
a353b1083c9863d756d9404695016d64,29150,cariacica,ES
8fb67a334bacec338885b4e9e1708073,85905,toledo,PR
72c5da29406b4234927b81855e7b64f6,7077,guarulhos,SP
e83c76265fc54bf41eac728805e4da77,16074,aracatuba,SP
a72f15980dc3e9bfd1a49ac9b2f3af65,17512,marilia,SP
0ed6ce5d87fd9c69eaacaeb778d67235,13473,americana,SP
e83e93b71371817b11d78a63ff156aee,6409,barueri,SP
226b05fe067266c59c15dae208213d06,81520,curitiba,PR
578460d8319c51dab351cd9db95eadfe,74550,goiania,GO
86ff3eaef0267069cc891a2ed9d10a17,88135,palhoca,SC
5f7300535881cef3b625fd683cf7d145,92020,canoas,RS
3d2531eccfbde1d7c8db7a3a12fb267a,31340,contagem,MG
cb5ff1b9715e99589f3e0c7a6afab9e3,87060,maringa,PR
9b1f656ca3060f8af17a50d8a024b533,11013,santos,SP
43a5d4a57af536fddc96d08be3afdfcb,37006,varginha,MG
b1a81260566c1bac3114a6d124413f27,99500,carazinho,RS
080199a181c46c657dc5aa235411be3b,6097,osasco,SP
cca3071e3e9bb7d12640c9fbe2301306,14940,ibitinga,SP
d51e0a403fe2e689ece6c73359d96e12,17580,pompeia,SP
8648b1e89e9b349e32d3741b30ec737e,12308,jacarei,SP
717b78b0950b51ed00b1471d858b0edc,18220,alambari,SP
efcd8d2104f1a05d028af7bad20d974b,16012,aracatuba,SP
6562efe88ce0826a4ca4f189f03b4b84,87005,maringa,PR
530ec6109d11eaaf87999465c6afee01,85807,cascavel,PR
89f69225956f951295ca4c7fb1266553,27700,vassouras,RJ
6bb62a4912377c7bfe7cb17b406bc7e6,13215,jundiai,SP
f9d010e39375d9c91dce3f40b73a2f84,12600,lorena,SP
052577151711aec5c744fe12e66db3e1,89136,rodeio,SC
0adac9fbd9a2b63cccaac4f8756c1ca8,13290,louveira,SP
269cff2d3c8d205c11f37a52402ea93b,15803,catanduva,SP
402916f742e5c740cc751493d9cf5053,39740,guanhaes,MG
443d880f15cbd3572885e1d44bf2c478,17506,marilia,SP
6d22a1fcebb6dd08c9cd90b92a93e8d0,89215,joinville,SC
b39d7fe263ef469605dbb32608aee0af,14940,ibitinga,SP
ca77545ca4d2dfd1431bf61334e2fa3c,87020,maringa,PR
36890be00bbfc1cdb9a4a38a6af05a69,6040,osasco,SP
42fb44130ac3134cde8e35cf8ec7df25,12995,pinhalzinho,SP
659e8466eb3ff1b0e8740d74fb7bbedd,45820,eunapolis,BA
1c40343cc5d18c2d8248ac2f3366de34,13482,limeira,SP
184a67a8f9f63234d3a92340bbdb727f,89220,joinville,SC
08ad4ac1388e4420ca531c3edfc46198,6663,itapevi,SP
6fc26fe110feebd80a433e1f012a84f9,15601,fernandopolis,SP
ab27bbbad5239bc31a34709275a70db4,18279,tatui,SP
3d39fbf22a665714baf62fae36029e23,13040,campinas,SP
b12cfd255810394b60caef18ae163547,85810,cascavel,PR
3c88ed2e76a2247933a15daa7161eb1c,13154,cosmopolis,SP
3ac588cd562971392504a9e17130c40b,13480,limeira,SP
606ce7768feac12c5e8bd58db8b08f0f,13084,campinas,SP
6879c4d287a8dd06b11f54ea8f78e4da,6186,osasco,SP
ccbd753e6863fe7314dc6c0ca5a074e7,89046,blumenau,SC
0d85bbda9889ce1f7e63778d24f346eb,38414,uberlandia,MG
4c61e37f664c3c88aff092aa5ac779d7,24020,niteroi,RJ
d624126b9206f595fb3fbb6ba03b28a8,80045,curitiba,PR
26d8a1c7c75d513045798992ead43aa2,86800,apucarana,PR
f181738b150df1f37cb0bd72e705b193,6317,carapicuiba,SP
7dea6f73af847b42cc3985bd620f994d,85813,cascavel,PR
a0a14e50070f3225b3eabba5b85da517,81900,curitiba,PR
0b3f27369a4d8df98f7eb91077e438ac,7412,aruja,SP
d5c530f4884a75ae0dba9c148718d278,35660,centro,MG
5ab05b6d86d417796c69ffd6774ec832,19815,assis,SP
9de4643a8dbde634fe55621059d92273,89225,joinville,SC
b906dd0e57f282c7089171b6ed07982e,87083,parana,PR
ed46f1eb4a638113deb2a1137b5f22e9,89080,indaial,SC
04308b1ee57b6625f47df1d56f00eedf,88215,bombinhas,SC
457fe919b032a3f7dadba6fb92cf7855,13140,paulinia,SP
f3055483058c84d75ca2a3314fb4deef,40368,salvador,BA
a2b5b6105ea5942300631d2e76f4ffe0,6283,osasco,SP
23d7c96d4a1160db1c726b248601b25a,13360,capivari,SP
e883aa812c37a7413226856f4579fe91,6696,itapevi,SP
86bb7c4b535e49a541baf3266b1c95b1,14401,franca,SP
cb810bd318f51b3dc3c753944d61a1fa,24240,niteroi,RJ
820cc752a266cdc6c1a1e61dd4583330,87050,maringa,PR
e5475dcab1e07b63d7f6e902d8f5eda8,9921,diadema,SP
33a6f4b1e7cdc205511e76ba1b6e0186,7084,guarulhos,SP
55029529919c0123526150bd26ca8f20,32280,contagem,MG
d20b021d3efdf267a402c402a48ea64b,14940,ibitinga,SP
a3b42d266fa8afc874b909422ce88582,14620,orlandia,SP
d63c73efd41eb002280e7ec831424edb,13405,piracicaba,SP
dc7192adf8ba09569261f4a8d576afe0,18401,itapeva,SP
be8e909810184b9b19e886129149d8e5,13418,piracicaba,SP
269c5fc9fcadee614364c3620c30a1f9,7140,guarulhos,SP
bbaff50f3b708fda865918715276cd87,12940,atibaia,SP
232a6014e7b10cba61c6c2b2ea6bb4b0,16500,cafelandia,SP
6614814a00d344b846ae209f95ee7e3f,17290,macatuba,SP
fffd5413c0700ac820c7069d66d98c89,13908,amparo,SP
712e6ed8aa4aa1fa65dab41fed5737e4,89560,videira,SC
b5abf4f36adc043117b4fca82c22984c,72251,brasilia,DF
6dd7dce75cd55c1ce255dc38d9f0cd46,88137,palhoca,SC
05730013efda596306417c3b09302475,88813,criciuma,SC
c35672b10ad50968f567ea3f4b91e877,26551,mesquita,RJ
f5403d3f50089112c4eed37928b7f622,15600,fernandopolis,SP
f435898e493ba0356019a0b1cb8b55b1,81720,curitiba,PR
d8cf3b6a2151949f930d0252b180ec42,87160,mandaguacu,PR
7a073a40a9d3f1fee8bc45670ea1e909,86040,londrina,PR
edb1ef5e36e0c8cd84eb3c9b003e486d,25957,teresopolis,RJ
3361277dc30b7cccdb0c286b24219756,87015,maringa,PR
53b0300ca793f9834cd69c0678d35ee8,13339,indaiatuba,SP
48162d548f5b1b11b9d29d1e01f75a61,13403,piracicaba,SP
88ef59b51bdaa941d10a853429f2b6ce,83280,guaratuba,PR
3fd1e727ba94cfe122d165e176ce7967,14802,araraquara,SP
ea4e9ce63a2134743b4a92777437fcdd,88135,palhoca,SC
45a3d05fb00435e52a28859dd03703b3,7176,guarulhos,SP
c3fe93ba3085f92855c97e57f38c8c05,81510,curitiba,PR
36a968b544695394e4e9d7572688598f,11010,santos,SP
5f67c6082caacb26e431a7b17940cece,87083,maringa,PR
8160255418d5aaa7dbdc9f4c64ebda44,14940,ibitinga,SP
cee48807215b30a12ca2ca10ffb5f250,11431,guaruja,SP
05a940b4ecae36cadfd8e93bd9c43257,74305,goiania,GO
a5a1bfcf728ab0e19182959cf0771ee4,13960,socorro,SP
ffff564a4f9085cd26170f4732393726,13070,campinas,SP
bede56095ba33c42038fb85f707b8a42,13271,valinhos,SP
a806a4bb063ea7ca6d374eafa50a6058,29161,serra,ES
939f6e231201f26803cb5c3a3d2940b3,17051,bauru,SP
427165bf50f8ca07efc7bdc2bfcf1688,13471,americana,SP
d03698c2efd04a549382afa6623e27fb,45658,ilheus,BA
e21a1e8be4715b0fcfd5385643bc49c4,88715,jaguaruna,SC
1e26c56af8d48424e1df0140a2401f83,13911,jaguariuna,SP
8f119a0aee85c0c8fc534629734e94fd,6440,barueri,SP
b274baf5bbd142410eb2958cf685d684,95780,montenegro,RS
bcc9dd23e2a8bd8267cf92b19304a1b9,14940,ibitinga,SP
751e274377499a8503fd6243ad9c56f6,13097,campinas,SP
1d0646a72178a6fb37ee8082140e06ec,89203,joinville,SC
0ebd97a106433a45a4aebe57c1799778,32240,contagem,MG
a7f13822ceb966b076af67121f87b063,8577,itaquaquecetuba,SP
78a4d36f65a019172c6154468831a69f,17018,bauru,SP
c64a2aec32cc408a8a4c6d7c46017f91,95625,imbe,RS
cb162c8eef257253782d245c08d9097c,6419,barueri,SP
f0e103c63864d5405b958d984b6e94c9,6150,osasco,SP
80e6699fe29150b372a0c8a1ebf7dcc8,83323,pinhais,PR
f524ad65d7e0f1daab730ef2d2e86196,99300,soledade,RS
c003204e1ab016dfa150abc119207b24,7790,cajamar,SP
5656537e588803a555b8eb41f07a944b,72015,brasilia,DF
b8bc237ba3788b23da09c0f1f3a3288c,88303,itajai,SC
7816cd9c5b1238e320545f5bf7eb80e8,14801,araraquara,SP
fe49ee029e61e789a1f3a5525f57ba8d,6018,osasco,SP
94ca168e8bcb407ab85c5da308863027,16250,clementina,SP
e8a85b5f3df47be0984c55fd4064dbb4,71825,brasilia,DF
ba6ce6de456f6c11d08c17701ba5c26f,18044,sorocaba,SP
39a5005f2605cbdb4f9ac14485cabfd1,14780,barretos,SP
2bf28e311bba65237358230cabac3f15,86047,londrina,PR
bf0d50a6410d487dc97d2baac0a8c0be,13408,piracicaba,SP
86ccac0b835037332a596a33b6949ee1,89041,blumenau,SC
3340ef1913fb70d28420f6ceb685c339,87040,maringa,PR
76de363de16dacc923eec8daf91df504,89825,xaxim,SC
58b98ccb79873e04eac4357cacc590d9,13043,campinas,SP
fc99f99385ae90f66f01733856fb88c9,18550,boituva,SP
670c26e0f1bf8d0576271d5cfaec6d2b,87025,maringa,PR
59de1d4c8c057c2a53acd4ca66531af2,80215,curitiba,PR
e64882b4ef12aee8d0faca4db5b681f4,74210,goiania,GO
e0878efa0e0b7e5313ac0b43bc04c081,80230,curitiba,PR
03a2a6dcbe45d639c4dc2a0d24769c40,9340,maua,SP
327b89b872c14d1c0be7235ef4871685,69005,manaus,AM
240b9776d844d37535668549a396af32,24120,niteroi,RJ
eed78ac17f7f795a19a709745f00cd4e,18608,botucatu,SP
abcd2cb37d46c2c8fb1bf071c859fc5b,78020,cuiaba,MT
3d290fe363c60a77498c1126fd3fb8d3,6694,itapevi,SP
8c16d1f32a54d92897cc437244442e1b,89023,blumenau,SC
61f159ef6da2d441951d2c0efa719362,29160,serra,ES
59cea8e446d3834393058e7e0666b6fb,87050,maringa,PR
8c5e007d7bd5693fa1386ffefbc99f6c,13347,indaiatuba,SP
5b67882648febfb6e1225e6ad7164f6b,87502,umuarama,PR
53e4c6e0f4312d4d2107a8c9cddf45cd,13920,pedreira,SP
cad10cc982ab6a391570c211b995c17c,18701,avare,SP
527801b552d0077ffd170872eb49683b,17400,garca,SP
be67f78487e2cecb0d55bc769709e4f5,32419,ibirite,MG
7202e2ba20579a9bd1acb29e61fe71f6,14401,franca,SP
20fd2d2080ed85fa67fad3fcbb2c1813,83405,colombo,PR
2039c5e51785b5dde7cf93ccb3b7be2c,14790,guaira,SP
62de60d81c55c29d76a6bce418b31cef,14940,ibitinga,SP
e89c4adbe7b1d0819dbb636e16461cf1,13347,indaiatuba,SP
2e2f44824ab87a0cb961f68bf4073e7f,82315,curitiba,PR
5c853bb56f70f4d14218944bae111d7a,6715,cotia,SP
bba74270a87732727b5a3b4fd9ac1c39,32604,betim,MG
e8ff5a6ceb895583033fc2a0f314e3c2,89063,blumenau,SC
a066df7361163e7ddc5d7452dd17448b,14401,franca,SP
3076499bbc033a927bf4a8a41bcf7fd4,15350,auriflama,SP
5d505d2298ad549e4e4e835562fa0c1e,16200,birigui,SP
5aaa890629f83706d8d9bfecd8377c1c,25720,petropolis,RJ
ad14615bdd492b01b0d97922e87cb87f,88704,tubarao,SC
33fd411ed63a7c2f9005e3f065d9f85d,98290,condor,RS
edb58a1390adf273840030a3d6253829,13414,piracicaba,SP
1e8c6a4c538f286aee9573239740a4b4,13251,itatiba,SP
07de60b03d150fb3ea09eab5da5e4c8b,14940,ibitinga,SP
ede2977fbaf3738583170735ca403f6c,80010,curitiba,PR
03bd479e1d9484cdb14104d3023f7321,38401,uberlandia,MG
31e60bf8d103ce47932a85f5562deb16,74590,goiania,GO
bdae679a9b282249bc23b9b69dae9a99,72210,brasilia,DF
96804ea39d96eb908e7c3afdb671bb9e,38950,ibia,MG
cd233f8bfa30ebfd651f47ee7d054951,16208,birigui,SP
3986c0b54f6b748b75e7bd4e092aa3e5,80250,curitiba,PR
5563732abe64c3036cb97ad924128dd1,7192,guarulhos,SP
51f108f62cb87d61918159902c8f8583,85801,cascavel,PR
134b867a0f7f8bbe6abf10f91874891e,13272,valinhos,SP
c72de06d72748d1a0dfb2125be43ba63,46430,guanambi,BA
8d79c8a04e42d722a75097ce5cbcf2ef,61658,caucaia,CE
8060d731897e33b5c5ae575ce1e209e1,89052,blumenau,SP
4c4d546adf3c3868fe19c9ec6e9ffda9,87013,maringa,PR
8ae520247981aa06bc94abddf5f46d34,88370,navegantes,SC
ac3508719a1d8f5b7614b798f70af136,92030,canoas,RS
4a3ca9315b744ce9f8e9374361493884,14940,ibitinga,SP
6d988d6174a2c27441597174f8905515,87070,maringa,PR
034b9387752bfa309f350a70cd45ffa3,89036,blumenau,SC
abbf6046bbdf1028606a5bc7f00c99e7,89820,xanxere,SC
81ed90f07c0bacb7594940ba2ef676aa,35500,divinopolis,MG
0725b8c0f3f906e58f70cbe76b7c748c,7023,guarulhos,SP
d1a5cc844736958c11b8efab9a2b4c87,80310,curitiba,PR
54219883e72aad869adfb2a54b7bfa0f,18060,sorocaba,SP
5795aebfe331fbcd02a2c4b679fb7952,88132,palhoca,SC
6e2d3e2dc84fb30f6078f39dd3bddd6f,83408,colombo,PR
014d9a685fd57276679edd00e07089e5,87015,maringa,PR
bccf933e006e9b94a6184af782963e77,19806,assis,SP
b33e7c55446eabf8fe1a42d037ac7d6d,14850,pradopolis,SP
dfc475d54e1b6dbeeb7d7d9bdaa63827,81460,curitiba,PR
813348c996469b40f2e028d5429d3495,13206,jundiai,SP
b7cc6c5e001441ae8cdd5c69a480cbe4,89520,curitibanos,SC
3b15288545f8928d3e65a8f949a28291,14940,ibitinga,SP
81783131d2a97c8d44d406a4be81b5d9,18015,sorocaba,SP
cce6ab8d1682639fe45ab70234f1665f,81020,curitiba,SP
76623fde66e6b63b59440fd34160512d,7124,guarulhos,SP
5275ca25d0358ca73864e0ae41be1320,7024,guarulhos,SP
eb4df17aed01d918c65f0f8d650900c0,13140,paulinia,SP
f41ce2e25237f9092cd8e6e7516c7a2f,7013,guarulhos,SP
8e6cc767478edae941d9bd9eb778d77a,38442,araguari,MG
f5b44895715ddfe3087dc414f30268f3,18017,sorocaba,SP
56f413900b5166ab4d730e9ac0b12cb0,18076,sorocaba,SP
3f8034bfc6b8b4135534975d49f04c63,81560,curitiba,PR
265fdc289dffa9f1ad801c74f7d0de47,15155,jaci,SP
0afccdb8a34ee5c79f7c06faf2b4d56e,38400,uberlandia,MG
02dcd3e8e25bee036e32512bcf175493,32310,contagem,MG
0b18d63d0cd1d723567903fd34a07df2,5141,sp,SP
7bb8fac2913a6064ec412e583c6d8b4d,17017,bauru,SP
86649b1632b1c0e6c0bcb2c90a8b75d8,85884,medianeira,PR
d25aa0aaacb370e912f8cf6efeba38b3,89108,massaranduba,SC
c0e6839516f5398edc34adf5f1d53d1a,11430,guaruja,SP
bbf9ad41dca6603e614efcdad7aab8c4,60348,fortaleza,CE
57fe6232e67823593374a2281d7a8af8,13360,capivari,SP
c6218512d16fcac0af02fe92691cf274,32315,contagem,MG
1b45169b635ef59425637e9a33eb5fb3,87050,maringa,PR
412a4720f3e9431b4afa1476a1acddbe,13060,campinas,SP
7238a95bb63ef7e498389fb863b834a1,13487,limeira,SP
b7ed9fb14c8eadb37adb9c45d67ab0fb,12331,jacarei,SP
10264f60a8f0a4d2f30810f5c661c673,13090,campinas,SP
913fd0ebba70bb919f7254a02239173c,89065,blumenau,SC
8f2ce03f928b567e3d56181ae20ae952,5141,pirituba,SP
26e2c91ef821e1ff8985f408788fe35b,14940,ibitinga,SP
fec8cd45395b3cb0c2b173d7739706a1,12270,jambeiro,SP
900ba814c251a692506d7834c1218441,13328,salto,SP
542917da124346b47ea1ac79a93ce454,82560,curitiba,PR
258447aad3f7b01e2643c89f64dc5647,87210,cianorte,PR
0f519b0d2e5eb2227c93dd25038bfc01,14940,ibitinga,SP
d23019c84ffae2d5ef2270367b8605fc,86073,londrina,PR
ad8ada0ffa993cb1197d102d9ab21a3e,38445,araguari,MG
0f94588695d71662beec8d883ffacf09,88037,florianopolis,SC
3a79f35a2344ede41af21267f61d5ec6,13040,campinas,SP
2075d8cd4dd63ff12df0749a5866bb06,80010,curitiba,PR
85044848b1b767db2a4a58526adef4b4,6018,osasco,SP
4a1f694197d05fe70026b016a7316b41,13920,pedreira,SP
0873d9f8f36123f8d910f4760e788cfb,6465,barueri,SP
4869f7a5dfa277a7dca6462dcf3b52b2,14840,guariba,SP
1c5e4e49b9079480255b49d50aac1aa9,11030,santos,SP
37515688008a7a40ac93e3b2e4ab203f,17900,dracena,SP
afac9f6b0c4e5f0a7ee87e922cd0f873,17047,bauru,SP
3be5841cdcc46de4ed3f9116f104b2c5,6473,barueri,SP
c12b92bf1c350f3e6bf88d3596219c86,17400,garca,SP
97e995629983723d11830a829bc2b246,12604,lorena,SP
ffa6adafb71b807dc13159e26431354c,86030,londrina,PR
5a6a02f419701fc8c605af71d4fc57a4,13465,americana,SP
94b9108d4b637ba65bb4f1e53cfcf8d8,7221,guarulhos,SP
0fe2d9733ed841eb064503920015a8c0,19906,ourinhos,SP
154bdf805377afea75a3bd158e9eab10,14940,ibitinga,SP
b2ac621f0d0322434d04a12b078b9369,80220,curitiba,PR
9c54608f0996c32ae4743089d915f845,87900,loanda,PR
17306570e772e7718c92a562d33f5f1d,17250,bariri,SP
4d6d651bd7684af3fffabd5f08d12e5a,17209,jau,SP
f0563bacf40c311f1c4d3d6b67b8a7a7,88704,tubarao,SC
1bc2e21de46adfea6b98cc96b00f3b40,89228,joinville,SC
b1204cfda1d4948679db3cfc0d3cb95c,7170,guarulhos,SP
8eb88b0acb3f90a717ad659221471fa7,89504,cacador,SC
974cf2cb8f4b7add98709c30df02fe10,14802,araraquara,SP
3c487ae8f8d7542beff5788e2e0aea83,72460,gama,DF
4a3ccda38b2129705f3fb522db62ca31,17504,marilia,SP
33576ec5412fb5905d876f12f33bfde6,80040,curitiba,PR
056b4ada5bbc2c50cc7842547dda6b51,26379,queimados,RJ
34056b8b55c1775a22af2331670a799c,16304,penapolis,SP
21d59342ba150175ca2aa4f8faddeca6,8593,itaquaquecetuba,SP
23c38debaffe4a25a30fdbd9b586a13f,18110,votorantim,SP
bd1d49a326abfa9b1036772e40445430,17017,bauru,SP
6861de0f40cacb0602e473c51639f980,80420,curitiba,PR
aa17b35ce4de7b565be3249ba838944f,13214,jundiai,SP
0887a9f087bcd5d9f6642b52f897fc6c,11990,cananeia,SP
00720abe85ba0859807595bbf045a33b,7070,guarulhos,SP
75d34ebb1bd0bd7dde40dd507b8169c3,41820,salvador,BA
e5e33c0d8e7e002f398f5dc4cbbb338f,17032,bauru,SP
8f54d64f28a993550aa7943f12572959,35160,ipatinga,MG
534a01cc6df1e034e05c32028a291fa2,13214,jundiai,SP
57e632711dec9ec14ca7546769483e7e,88372,navegantes,SC
9906e7aa42a3c067b7c9a564d01c4320,87065,maringa,PR
bff9deb0ec77d437f3305a79cf25529e,13481,limeira,SP
3fefda3299e6dfaea3466ef346a3571a,82620,curitiba,PR
6f83d9e4da896daae20b9b6b2d3ff8d2,84925,pinhalao,PR
35ef5aa32949680f627efec3c23e705c,88960,sombrio,SC
ec8463980a4e0ea9f8517aea1ed0c419,88010,florianopolis,SC
c847e075301870dd144a116762eaff9a,38022,uberaba,MG
6c77cd583b36a13aacccf2b3ee23e233,17505,marilia,SP
c447f8dd3ed213f291d65ef074a268eb,19802,assis,SP
4736e9d642ef4257cd7622516931eb51,13424,piracicaba,SP
a1bea9970d8f65b240555f99c2214f7f,83323,pinhais,PR
a5dd1946fb63ada8bcaa0c9cd8f11e22,55002,caruaru,PE
84deb808079d1be601c209c1e771b1cc,81200,curitiba,PR
dd58ee93286b0821565574c570e9e1dc,81650,curitiba,PR
9558aa23f77a9e0a0eca83540999f43b,86801,apucarana,PR
3c4e0452bff7a2a788179488d3d77032,83408,colombo,PR
ca5832c6960267b71041f74bb39e8b12,89820,xanxere,SC
668bf321538e5072858eaef6087ce027,83323,pinhais,PR
01266d4c46afa519678d16a8b683d325,80250,curitiba,PR
6c99c983ce3b6ba0ab813e6790e81691,38400,uberlandia,MG
827f8f69dfa529c561901c4f2e0f332f,81880,curitiba,PR
60ad151920c4f6f3ebbe8cfdf6166779,6322,carapicuiba,SP
52454f90d4c30c016768db02f88c1a74,13091,campinas,SP
a1043bafd471dff536d0c462352beb48,37175,ilicinea,MG
3338e7a0710a195872be80e0d2423867,13403,piracicaba,SP
8378eb36b6b70c5734e83ad7b8cdc3b7,88301,itajai,SC
3b872fd4747f01cc56206f2934198618,14940,ibitinga,SP
7402d13c03a7e91366337cd1de471144,86181,cambe,PR
6e4a902d1054e4e17aa6eab87fac1c75,18090,sorocaba,SP
ff82e8873fba613f2261a9acc896fd84,35900,itabira,MG
1d139e3a3b14025640d8df1b230aace0,14860,barrinha,SP
883dd81e82754ac2c65e9790a7db8c9a,81070,curitiba,PR
2f1e7b90e01d9f086cbcb301c0c3d406,89022,blumenau,SC
6bbcb8924baf70b7fe2fe2097e8cd407,89031,blumenau,SC
0ec28cec4046a4a199b6de9b4c891d97,74110,goiania,GO
5debea795b07621e1f90532e18f96145,86800,apucarana,PR
850913d59ce317156b00f3705f1c3edb,12942,atibaia,SP
7354220fb240bde543b3c40c060d41e7,71215,brasilia,DF
e8b3a3a38279a82f0e5d006d5e5b7d2c,87230,jussara,PR
43a1d4bab73b816e44ef4e4facd9f9b5,87050,maringa,PR
dd264199fc8b687ad029de7de6d760e6,85815,cascavel,PR
baeda7047354773262ba2405f97038ba,13471,americana,SP
167fd940acebc789debd6eb418c46e38,14405,franca,SP
ce616e1913288884e7742faac9d981db,6711,cotia,SP
a1474fd46fd3430168f7ec202da39408,83321,pinhais,SP
1b61fb1f0f2185d89e9a126c498e9cc7,87015,maringa,PR
2ff6b7bff164ef05590a52734e1296da,86060,londrina,PR
bce6a5ecf98e99fd2a8868b15c51f04b,7180,guarulhos,SP
ea65d8b58316a6f2362f2a9e4b3e86ad,13030,campinas,SP
686886775c8f6b1191c7b953fb52708c,13920,pedreira,SP
0a85ebe4e328db81ac9109781205e2f7,13205,jundiai,SP
0db783cfcd3b73998abc6e10e59a102f,11010,santos,SP
52f9db5cfb423382a2fa5c9e39303202,19830,echapora,SP
f307937c1bb287c3efc2a514b94b0d1d,38183,araxa,MG
e88f7a2995ba184710d339c5c4bf2e30,15505,votuporanga,SP
b76a1f8356322f12529c37b67d5c96c2,11015,santos,SP
4aba6a02a788d3ec81c03137144d9a80,89460,canoinhas,SC
53088c75f948b48a7ece173ac17f0c12,95840,triunfo,RS
544863df86ed3b78a04e0820d41430ee,29166,serra,ES
1835b56ce799e6a4dc4eddc053f04066,14940,ibitinga,SP
13d058e4eeac2ce8217660b2f8a05812,6080,osasco,SP
e00d85ce20ea50c1224c66ca5050527d,6286,osasco,SP
e48b04bf1aa1ef711caebeb7aede6180,80240,curitiba,PR
f67efa3f0b6761102a7f8c6b7b571f5d,82300,curitiba,PR
f09b760d23495ac9a7e00d29b769007c,15802,catanduva,SP
38874e327ce94d11390b96eb42d61928,8577,itaquaquecetuba,SP
ab3e0c171fe84a7ba7de130f19cfb485,86690,colorado,PR
85e7c62c1d6ea078c3897424f867a7c8,88220,itapema,SC
262237171f48e85819065498cac80d7b,88352,brusque,SC
dd5450b022b2d00a2145a66331e1aef6,89208,joinville,SC
1588ac4010787100dddef64568f0ae35,87045,maringa,PR
41c2bad7229b0c25e6becf179ebf63ff,59020,natal,RN
8b655f0855926bcb49f5835d38dfddf6,6192,osasco,SP
a213f1bd6458f4a158f3746cb2514559,87043,maringa,PR
4867209cb29b56b92893d7bde3ce8012,17209,jau,SP
19a7c9f66ffa6452ff4b4c0cca71da27,85880,itaipulandia,PR
6fa9202c10491e472dffd59a3e82b2a3,18030,sorocaba,SP
253c025bab43881055aeecde5e2d8b77,80620,curitiba,PR
7ecd59e5e20407131822c1a68ac59c1f,70719,brasilia,DF
128f9bfbe4c7d5185033914b1de3d39a,12940,atibaia,SP
a09a13f18ed27932d08438aa6f12756e,93800,sapiranga,RS
750303a20e9c56b2a6bc45cdce0b897d,74333,goiania,GO
f8db351d8c4c4c22c6835c19a46f01b0,13324,salto,SP
eb1bf309f4f6af9a97e9ddac3fdbeabe,9961,diadema,SP
353e21e8bf8de2722b4fae1636664b76,92120,canoas,RS
5b33b527da3c5b969cc99dc435cad09a,87702,paranavai,PR
c9d2ba8dde44a275ae06475ed1d2fafc,38400,uberlandia,MG
89a51f50b8095ea78d5768f34c13a76f,71931,brasilia,DF
455f46ef09a9e45667e2981df84b5cc2,18052,sorocaba,SP
651fe66032c9520ee5587f694908040d,94810,alvorada,RS
3febca52652e7209509ccfe61cbde40e,8596,itaquaquecetuba,SP
62d977e2b2aee830de3e039a28490d12,80410,curitiba,PR
7178e1eaa97257d8b6d4b80efd77a025,18270,tatui,SP
2199e7fe213c16213bf5d6a7eadc9a5d,11900,registro,SP
984c273121e743dd14767befe6cb17f5,13474,americana,SP
e333046ce6517bd8bb510291d44f0130,18950,ipaussu,SP
5a425cc503b39b262a847fd6212bf53b,86010,londrina,PR
8f78f0903005064036736c7173a5c2ed,36325,tiradentes,MG
43b2c864251aa0ce4030c746984e088a,71936,brasilia,DF
83e197e95a1bbabc8c75e883ed016c47,25900,mage,RJ
17908cf9b444ee34047cadd5c0f4a516,75124,anapolis,GO
2addf05f476d0637864454e93ba673d5,70856,brasilia,DF
d263fa444c1504a75cbca5cc465f592a,13478,americana,SP
655220df33262c7e0c4949a147366f94,9951,diadema,SP
ad8b531ae67582f096925cff5630d0d1,84172,castro,PR
f4ce8ca9fa7157e3b33f536ac9a4487d,16306,penapolis,SP
de9727ca376d1be6ec121b110aa7954c,87114,sarandi,PR
70a12e78e608ac31179aea7f8422044b,12327,jacarei,SP
c1ed9e3daf6154542826a6996af0fb8c,88308,itajai,SC
a00824eb9093d40e589b940ec45c4eb0,18590,bofete,SP
80ceebb4ee9b31afb6c6a916a574a1e2,86026,londrina,PR
7c51de0ab286204ce75ff42bf7c10d92,88380,picarras,SC
82bd0703a4aefd6b599e5bfdaed378fb,17510,marilia,SP
beadbee30901a7f61d031b6b686095ad,7097,guarulhos,SP
bc39d8938f90a3a2b98193723ed59774,7791,cajamar,SP
fd312b6bf05efac6c3772d5b52205d8a,18111,votorantim,SP
df683dfda87bf71ac3fc63063fba369d,95180,farroupilha,RS
25cf099de44674fde97473224f9d59ab,6716,cotia,SP
7139dc5186aa238b006e066d8fbab2e4,13901,amparo,SP
d94a40fd42351c259927028d163af842,37443,baependi,MG
406740ee611378a662d274c7d8c43c4a,29056,vitoria,ES
6bd503a8230299c9316fb0f726933927,75650,morrinhos,GO
e4fc40017a6d22c46a14ac2e17f87c3e,86702,arapongas,PR
5a9b3bcab695173c820e53934574ae80,13320,salto,SP
8ab42aa58097fd4668d60cc648225d5f,74150,goiania,GO
8e29d051f810eb22959ede205b462b9f,15131,mirassol,SP
ccb83a794700270fde70898fe9ff368b,88960,sombrio,SC
612a743d294c27884fb7b80d2b19ba35,80620,curitiba,PR
fe701d88b67eaca109dffd464d1be9f9,24900,marica,RJ
fedaedd3ca31d56ab33e92035e4b361c,24310,niteroi,RJ
dbc51f5e45d654ecc16cb68e6817ecea,14402,franca,SP
df56d7b40d437f88407c5f78b63bc328,85812,cascavel,PR
165fc07beebdcb6190fba8a06db2a449,87015,maringa,PR
0691148aee60ca47977c187804f935ae,86010,londrina,PR
cac876b37d3abcd6bd76caca30277996,85816,cascavel,PR
9ac4f14370b1e24ddc58be041b7f99df,76330,jaragua,GO
70eea00b476a314817cefde4aad4f89a,13250,itatiba,SP
c840d3fdbba0790404fdae73d253b253,81530,curitiba,PR
9cad4b68bb993ee401a3c5aaa2bc26dd,16200,birigui,SP
dbbcfe2c8d026742134ac3e28ccde274,81630,curitiba,PR
2fdde51ad3e12f297da656d4fbd5d0b5,89228,joinville,SC
83a75eea11694e36e56dd0cb2240229a,13905,amparo,SP
a1544b9ea0b2390e020537d4daa89049,13211,jundiai,SP
b8a0adc91af209270c2c725168eb00fd,14940,ibitinga,SP
7daca0837f033a41a6f3428c18657533,15170,tanabi,SP
adbe70ab2c97442046d393988c8d1d27,9321,maua,SP
42bde9fef835393bb8a8849cb6b7f245,71551,brasilia,DF
91543f9849d68d023e17194926598543,89041,blumenau,SC
1900267e848ceeba8fa32d80c1a5f5a8,14940,ibitinga,SP
08d2d642cf72b622b14dde1d2f5eb2f5,17512,marilia,SP
525e75a6fb1454a2325ab1734bcec221,6453,barueri,SP
0e982cff76cc0579f632cea8a0e38c9d,88316,itajai,SC
bc30de0d71bd6260b936a026b5cf7200,13920,pedreira,SP
014c0679dd340a0e338872e7ec85666a,35180,timoteo,MG
15aac934c58d886785ac1b17953ea898,29480,muqui,ES
880eda903e719a5f179f7e9fceb3a69d,14610,ipua,SP
87b740daf17b5d1be335a64164ec6842,8615,suzano,SP
d4f91e8be86b38da2ee35bc489645a9d,12512,guaratingueta,SP
7b3f6ce5c6c22e9b96e7581ebf0df6e1,13710,tambau,SP
31da954dc0855f2495c6310f70a2f931,13601,araras,SP
ef9952469137ff190bacafe117f51537,38022,uberaba,MG
4a82168aaef173cbb6e46ae88728f919,84500,irati,PR
e2aee0892199b1d92530e371abd825bf,86600,rolandia,PR
eb9267cccc90f1b49c8d2f9887c7dd97,52011,recife,PE
5de1c80811ce7007f62f00d971236c09,88063,florianopolis,SC
ec8879960bd2221d5c32f8e12f7da711,13253,itatiba,SP
9198786624eaeb375793215cad26cfa6,89136,rodeio,SC
a938325a4b357fd23a6a4d5bb126408e,26510,nilopolis,RJ
3d62f86afa7c73be2628a3be1423f5a0,12327,jacarei,SP
497709c2976a8fa308730a2dec5b0726,9981,diadema,SP
e73bf2cea7fe4b0b4d287a7568ed1099,89812,chapeco,SC
2493dc3f20131696a0ecdb9948051a8d,71065,brasilia,DF
a3dd39f583bc80bd8c5901c95878921e,41342,salvador,BA
06df0c10d34e459d9672bc77388742eb,87045,maringa,PR
d8b8f2cf9ff6ba0389072541cb42498c,73813,formosa,GO
198c7ea11960a9844b544d9bcdca860c,37590,jacutinga,MG
a478c7961d6a992065b24e63b366f90b,89036,blumenau,SC
30c7f28fd3a5897b2c82d152bb760c17,24020,niteroi,RJ
21e83881401b92b49fb09a16d3852291,38405,uberlandia,MG
918f6fbcf3ab724d805867303e593a1b,13273,valinhos,SP
228e4c1a0be164f613d41c24345f9d2c,86360,bandeirantes,PR
5145090ab595c0d0b8557199f5701fbf,82900,curitiba,PR
ea67327e24487bdfac5fbfa37ea124df,14940,ibitinga,SP
1d1bbb8ac1581824986f582583fff01d,89082,indaial,SC
f90f77ef2799a27f80d90c425ca944f7,86020,londrina,PR
bbf4a892cac7b82422baa711dffb8997,82200,curitiba,PR
39f776d2974049026ff531fc42ef2a3e,74835,goiania,GO
c70c1b0d8ca86052f45a432a38b73958,13186,hortolandia,SP
63704069d9bd3a75c1cf59babe56004a,13212,jundiai,SP
61b18775be84fb700a6b2d0ba097bf66,14808,araraquara,SP
95cca791657aabeff15a07eb152d7841,85950,palotina,PR
dde698c6d0bd24834c586e5111c2bba7,25755,petropolis,RJ
9d489893ff6af05029671b785f54b998,13613,leme,SP
725af026f869236a8dd0ceb98564d156,35530,claudio,MG
98dddbc4601dd4443ca174359b237166,87111,sarandi,PR
f8201cab383e484733266d1906e2fdfa,88137,palhoca,SC
e603cf3fec55f8697c9059638d6c8eb5,96080,pelotas,RS
9e25199f6ef7e7c347120ff175652c3b,12051,taubate,SP
